売上日,サービスID,サービス名,カテゴリ,クライアントID,売上金額,原価
2024/01/01,SVC-001,清掃,定期契約,CLI-001,385243,78369
2024/01/01,SVC-001,清掃,スポット,CLI-002,63112,38024
2024/01/01,SVC-001,清掃,複合,CLI-003,178393,78513
2024/01/01,SVC-001,清掃,定期契約,CLI-004,123158,33434
2024/01/01,SVC-001,清掃,スポット,CLI-005,404785,305929
2024/01/01,SVC-002,警備,複合,CLI-001,95580,58698
2024/01/01,SVC-002,警備,定期契約,CLI-002,271208,28331
2024/01/01,SVC-002,警備,スポット,CLI-003,65622,26140
2024/01/01,SVC-002,警備,複合,CLI-004,164629,50495
2024/01/01,SVC-002,警備,定期契約,CLI-005,314951,177815
2024/01/01,SVC-003,設備管理,スポット,CLI-001,63912,33031
2024/01/01,SVC-003,設備管理,複合,CLI-002,425400,515785
2024/01/01,SVC-003,設備管理,定期契約,CLI-003,335706,239949
2024/01/01,SVC-003,設備管理,スポット,CLI-004,165574,78878
2024/01/01,SVC-003,設備管理,複合,CLI-005,358944,165852
2024/01/01,SVC-004,受付代行,定期契約,CLI-001,474374,23407
2024/01/01,SVC-004,受付代行,スポット,CLI-002,447833,103707
2024/01/01,SVC-004,受付代行,複合,CLI-003,416026,241571
2024/01/01,SVC-004,受付代行,定期契約,CLI-004,228389,92842
2024/01/01,SVC-004,受付代行,スポット,CLI-005,131516,48221
2024/01/01,SVC-005,IT保守,複合,CLI-001,450290,196472
2024/01/01,SVC-005,IT保守,定期契約,CLI-002,103587,32156
2024/01/01,SVC-005,IT保守,スポット,CLI-003,249191,45353
2024/01/01,SVC-005,IT保守,複合,CLI-004,238208,110165
2024/01/01,SVC-005,IT保守,定期契約,CLI-005,366526,158685
2024/01/01,SVC-006,コールセンター,スポット,CLI-001,473167,42780
2024/01/01,SVC-006,コールセンター,複合,CLI-002,432589,260870
2024/01/01,SVC-006,コールセンター,定期契約,CLI-003,331137,52722
2024/01/01,SVC-006,コールセンター,スポット,CLI-004,248461,265778
2024/01/01,SVC-006,コールセンター,複合,CLI-005,203709,114800
2024/01/01,SVC-007,警備巡回,定期契約,CLI-001,352698,120814
2024/01/01,SVC-007,警備巡回,スポット,CLI-002,419398,56466
2024/01/01,SVC-007,警備巡回,複合,CLI-003,74025,34935
2024/01/01,SVC-007,警備巡回,定期契約,CLI-004,455310,171722
2024/01/01,SVC-007,警備巡回,スポット,CLI-005,91833,76054
2024/01/01,SVC-008,施設管理,複合,CLI-001,172049,217920
2024/01/01,SVC-008,施設管理,定期契約,CLI-002,249295,92869
2024/01/01,SVC-008,施設管理,スポット,CLI-003,287717,186640
2024/01/01,SVC-008,施設管理,複合,CLI-004,487314,211277
2024/01/01,SVC-008,施設管理,定期契約,CLI-005,135277,68520
2024/01/02,SVC-001,清掃,スポット,CLI-001,236264,74921
2024/01/02,SVC-001,清掃,複合,CLI-002,401364,159973
2024/01/02,SVC-001,清掃,定期契約,CLI-003,417955,57435
2024/01/02,SVC-001,清掃,スポット,CLI-004,369360,109725
2024/01/02,SVC-001,清掃,複合,CLI-005,330043,211136
2024/01/02,SVC-002,警備,定期契約,CLI-001,178351,62834
2024/01/02,SVC-002,警備,スポット,CLI-002,292357,119471
2024/01/02,SVC-002,警備,複合,CLI-003,191530,77570
2024/01/02,SVC-002,警備,定期契約,CLI-004,408935,190017
2024/01/02,SVC-002,警備,スポット,CLI-005,491897,49327
2024/01/02,SVC-003,設備管理,複合,CLI-001,170087,127715
2024/01/02,SVC-003,設備管理,定期契約,CLI-002,66829,83620
2024/01/02,SVC-003,設備管理,スポット,CLI-003,260325,90186
2024/01/02,SVC-003,設備管理,複合,CLI-004,84701,33826
2024/01/02,SVC-003,設備管理,定期契約,CLI-005,347365,184981
2024/01/02,SVC-004,受付代行,スポット,CLI-001,161477,105909
2024/01/02,SVC-004,受付代行,複合,CLI-002,311740,123712
2024/01/02,SVC-004,受付代行,定期契約,CLI-003,387039,260570
2024/01/02,SVC-004,受付代行,スポット,CLI-004,124905,54718
2024/01/02,SVC-004,受付代行,複合,CLI-005,123206,52325
2024/01/02,SVC-005,IT保守,定期契約,CLI-001,440588,314318
2024/01/02,SVC-005,IT保守,スポット,CLI-002,332579,157752
2024/01/02,SVC-005,IT保守,複合,CLI-003,441650,326491
2024/01/02,SVC-005,IT保守,定期契約,CLI-004,274622,172969
2024/01/02,SVC-005,IT保守,スポット,CLI-005,259400,114895
2024/01/02,SVC-006,コールセンター,複合,CLI-001,164987,38131
2024/01/02,SVC-006,コールセンター,定期契約,CLI-002,317138,149372
2024/01/02,SVC-006,コールセンター,スポット,CLI-003,97662,69530
2024/01/02,SVC-006,コールセンター,複合,CLI-004,74702,94518
2024/01/02,SVC-006,コールセンター,定期契約,CLI-005,130132,102240
2024/01/02,SVC-007,警備巡回,スポット,CLI-001,133876,109192
2024/01/02,SVC-007,警備巡回,複合,CLI-002,271333,176345
2024/01/02,SVC-007,警備巡回,定期契約,CLI-003,83306,45216
2024/01/02,SVC-007,警備巡回,スポット,CLI-004,250078,176208
2024/01/02,SVC-007,警備巡回,複合,CLI-005,295392,158704
2024/01/02,SVC-008,施設管理,定期契約,CLI-001,181813,235042
2024/01/02,SVC-008,施設管理,スポット,CLI-002,56019,42291
2024/01/02,SVC-008,施設管理,複合,CLI-003,427865,80058
2024/01/02,SVC-008,施設管理,定期契約,CLI-004,407412,301527
2024/01/02,SVC-008,施設管理,スポット,CLI-005,443676,159893
2024/01/03,SVC-001,清掃,複合,CLI-001,452967,198349
2024/01/03,SVC-001,清掃,定期契約,CLI-002,108485,58469
2024/01/03,SVC-001,清掃,スポット,CLI-003,277942,61460
2024/01/03,SVC-001,清掃,複合,CLI-004,287881,20850
2024/01/03,SVC-001,清掃,定期契約,CLI-005,428584,158091
2024/01/03,SVC-002,警備,スポット,CLI-001,312451,219743
2024/01/03,SVC-002,警備,複合,CLI-002,143665,86542
2024/01/03,SVC-002,警備,定期契約,CLI-003,105789,59117
2024/01/03,SVC-002,警備,スポット,CLI-004,491277,286161
2024/01/03,SVC-002,警備,複合,CLI-005,369275,124286
2024/01/03,SVC-003,設備管理,定期契約,CLI-001,130131,69009
2024/01/03,SVC-003,設備管理,スポット,CLI-002,449775,490428
2024/01/03,SVC-003,設備管理,複合,CLI-003,458224,298058
2024/01/03,SVC-003,設備管理,定期契約,CLI-004,50299,39626
2024/01/03,SVC-003,設備管理,スポット,CLI-005,219951,148085
2024/01/03,SVC-004,受付代行,複合,CLI-001,60211,23665
2024/01/03,SVC-004,受付代行,定期契約,CLI-002,240306,100612
2024/01/03,SVC-004,受付代行,スポット,CLI-003,175541,27592
2024/01/03,SVC-004,受付代行,複合,CLI-004,176286,135082
2024/01/03,SVC-004,受付代行,定期契約,CLI-005,347458,61291
2024/01/03,SVC-005,IT保守,スポット,CLI-001,94907,67966
2024/01/03,SVC-005,IT保守,複合,CLI-002,304798,233915
2024/01/03,SVC-005,IT保守,定期契約,CLI-003,86287,69846
2024/01/03,SVC-005,IT保守,スポット,CLI-004,329291,220758
2024/01/03,SVC-005,IT保守,複合,CLI-005,115934,36828
2024/01/03,SVC-006,コールセンター,定期契約,CLI-001,395899,269184
2024/01/03,SVC-006,コールセンター,スポット,CLI-002,338255,106574
2024/01/03,SVC-006,コールセンター,複合,CLI-003,188966,158326
2024/01/03,SVC-006,コールセンター,定期契約,CLI-004,368029,425362
2024/01/03,SVC-006,コールセンター,スポット,CLI-005,161043,90686
2024/01/03,SVC-007,警備巡回,複合,CLI-001,445976,125461
2024/01/03,SVC-007,警備巡回,定期契約,CLI-002,423790,183429
2024/01/03,SVC-007,警備巡回,スポット,CLI-003,259186,196078
2024/01/03,SVC-007,警備巡回,複合,CLI-004,390723,215779
2024/01/03,SVC-007,警備巡回,定期契約,CLI-005,279690,155679
2024/01/03,SVC-008,施設管理,スポット,CLI-001,286708,309716
2024/01/03,SVC-008,施設管理,複合,CLI-002,167806,28392
2024/01/03,SVC-008,施設管理,定期契約,CLI-003,227254,25514
2024/01/03,SVC-008,施設管理,スポット,CLI-004,358443,140646
2024/01/03,SVC-008,施設管理,複合,CLI-005,358512,135457
2024/01/04,SVC-001,清掃,定期契約,CLI-001,53770,22326
2024/01/04,SVC-001,清掃,スポット,CLI-002,421112,50866
2024/01/04,SVC-001,清掃,複合,CLI-003,170031,28834
2024/01/04,SVC-001,清掃,定期契約,CLI-004,66469,41654
2024/01/04,SVC-001,清掃,スポット,CLI-005,87149,53695
2024/01/04,SVC-002,警備,複合,CLI-001,174782,56500
2024/01/04,SVC-002,警備,定期契約,CLI-002,400737,274496
2024/01/04,SVC-002,警備,スポット,CLI-003,162321,90678
2024/01/04,SVC-002,警備,複合,CLI-004,119369,94847
2024/01/04,SVC-002,警備,定期契約,CLI-005,352100,267815
2024/01/04,SVC-003,設備管理,スポット,CLI-001,177400,122841
2024/01/04,SVC-003,設備管理,複合,CLI-002,297974,373025
2024/01/04,SVC-003,設備管理,定期契約,CLI-003,149829,32363
2024/01/04,SVC-003,設備管理,スポット,CLI-004,100819,76498
2024/01/04,SVC-003,設備管理,複合,CLI-005,235753,131038
2024/01/04,SVC-004,受付代行,定期契約,CLI-001,265535,142427
2024/01/04,SVC-004,受付代行,スポット,CLI-002,432245,48401
2024/01/04,SVC-004,受付代行,複合,CLI-003,403036,71599
2024/01/04,SVC-004,受付代行,定期契約,CLI-004,81778,46386
2024/01/04,SVC-004,受付代行,スポット,CLI-005,431793,197892
2024/01/04,SVC-005,IT保守,複合,CLI-001,469741,77288
2024/01/04,SVC-005,IT保守,定期契約,CLI-002,180367,70224
2024/01/04,SVC-005,IT保守,スポット,CLI-003,149724,90292
2024/01/04,SVC-005,IT保守,複合,CLI-004,285202,56747
2024/01/04,SVC-005,IT保守,定期契約,CLI-005,271187,68100
2024/01/04,SVC-006,コールセンター,スポット,CLI-001,196037,141275
2024/01/04,SVC-006,コールセンター,複合,CLI-002,180970,39761
2024/01/04,SVC-006,コールセンター,定期契約,CLI-003,282328,231818
2024/01/04,SVC-006,コールセンター,スポット,CLI-004,498773,592333
2024/01/04,SVC-006,コールセンター,複合,CLI-005,76522,62738
2024/01/04,SVC-007,警備巡回,定期契約,CLI-001,333423,27737
2024/01/04,SVC-007,警備巡回,スポット,CLI-002,98896,80710
2024/01/04,SVC-007,警備巡回,複合,CLI-003,445085,143930
2024/01/04,SVC-007,警備巡回,定期契約,CLI-004,137194,73269
2024/01/04,SVC-007,警備巡回,スポット,CLI-005,304615,146185
2024/01/04,SVC-008,施設管理,複合,CLI-001,162065,205200
2024/01/04,SVC-008,施設管理,定期契約,CLI-002,80741,30789
2024/01/04,SVC-008,施設管理,スポット,CLI-003,248691,20565
2024/01/04,SVC-008,施設管理,複合,CLI-004,254693,89521
2024/01/04,SVC-008,施設管理,定期契約,CLI-005,461078,258555
2024/01/05,SVC-001,清掃,スポット,CLI-001,199552,130888
2024/01/05,SVC-001,清掃,複合,CLI-002,415214,311382
2024/01/05,SVC-001,清掃,定期契約,CLI-003,397011,275155
2024/01/05,SVC-001,清掃,スポット,CLI-004,131158,44890
2024/01/05,SVC-001,清掃,複合,CLI-005,205560,77068
2024/01/05,SVC-002,警備,定期契約,CLI-001,80662,57957
2024/01/05,SVC-002,警備,スポット,CLI-002,435738,304266
2024/01/05,SVC-002,警備,複合,CLI-003,81959,69019
2024/01/05,SVC-002,警備,定期契約,CLI-004,214419,34985
2024/01/05,SVC-002,警備,スポット,CLI-005,76289,58284
2024/01/05,SVC-003,設備管理,複合,CLI-001,299974,151819
2024/01/05,SVC-003,設備管理,定期契約,CLI-002,497070,587925
2024/01/05,SVC-003,設備管理,スポット,CLI-003,79821,53281
2024/01/05,SVC-003,設備管理,複合,CLI-004,92001,75793
2024/01/05,SVC-003,設備管理,定期契約,CLI-005,147425,28981
2024/01/05,SVC-004,受付代行,スポット,CLI-001,361969,55631
2024/01/05,SVC-004,受付代行,複合,CLI-002,404005,143314
2024/01/05,SVC-004,受付代行,定期契約,CLI-003,261694,51427
2024/01/05,SVC-004,受付代行,スポット,CLI-004,348673,149087
2024/01/05,SVC-004,受付代行,複合,CLI-005,353520,40836
2024/01/05,SVC-005,IT保守,定期契約,CLI-001,374734,62982
2024/01/05,SVC-005,IT保守,スポット,CLI-002,269794,192326
2024/01/05,SVC-005,IT保守,複合,CLI-003,356012,294088
2024/01/05,SVC-005,IT保守,定期契約,CLI-004,215868,88358
2024/01/05,SVC-005,IT保守,スポット,CLI-005,157090,107782
2024/01/05,SVC-006,コールセンター,複合,CLI-001,425490,184722
2024/01/05,SVC-006,コールセンター,定期契約,CLI-002,175140,54814
2024/01/05,SVC-006,コールセンター,スポット,CLI-003,257505,54308
2024/01/05,SVC-006,コールセンター,複合,CLI-004,402159,487165
2024/01/05,SVC-006,コールセンター,定期契約,CLI-005,289717,102883
2024/01/05,SVC-007,警備巡回,スポット,CLI-001,444193,58033
2024/01/05,SVC-007,警備巡回,複合,CLI-002,54883,35017
2024/01/05,SVC-007,警備巡回,定期契約,CLI-003,375666,315170
2024/01/05,SVC-007,警備巡回,スポット,CLI-004,102418,29602
2024/01/05,SVC-007,警備巡回,複合,CLI-005,331875,75877
2024/01/05,SVC-008,施設管理,定期契約,CLI-001,315229,351890
2024/01/05,SVC-008,施設管理,スポット,CLI-002,232981,38033
2024/01/05,SVC-008,施設管理,複合,CLI-003,178075,116869
2024/01/05,SVC-008,施設管理,定期契約,CLI-004,199415,61352
2024/01/05,SVC-008,施設管理,スポット,CLI-005,279734,162401
2024/01/06,SVC-001,清掃,複合,CLI-001,418857,178606
2024/01/06,SVC-001,清掃,定期契約,CLI-002,370695,297317
2024/01/06,SVC-001,清掃,スポット,CLI-003,54101,41884
2024/01/06,SVC-001,清掃,複合,CLI-004,478397,310771
2024/01/06,SVC-001,清掃,定期契約,CLI-005,206960,47154
2024/01/06,SVC-002,警備,スポット,CLI-001,120407,54664
2024/01/06,SVC-002,警備,複合,CLI-002,110517,34029
2024/01/06,SVC-002,警備,定期契約,CLI-003,439240,310048
2024/01/06,SVC-002,警備,スポット,CLI-004,131499,55697
2024/01/06,SVC-002,警備,複合,CLI-005,197721,75215
2024/01/06,SVC-003,設備管理,定期契約,CLI-001,426235,199768
2024/01/06,SVC-003,設備管理,スポット,CLI-002,156743,191520
2024/01/06,SVC-003,設備管理,複合,CLI-003,497171,158403
2024/01/06,SVC-003,設備管理,定期契約,CLI-004,314979,148065
2024/01/06,SVC-003,設備管理,スポット,CLI-005,181659,33316
2024/01/06,SVC-004,受付代行,複合,CLI-001,98390,61568
2024/01/06,SVC-004,受付代行,定期契約,CLI-002,272075,92530
2024/01/06,SVC-004,受付代行,スポット,CLI-003,73114,20232
2024/01/06,SVC-004,受付代行,複合,CLI-004,224879,54293
2024/01/06,SVC-004,受付代行,定期契約,CLI-005,384030,157340
2024/01/06,SVC-005,IT保守,スポット,CLI-001,134715,77912
2024/01/06,SVC-005,IT保守,複合,CLI-002,339239,244231
2024/01/06,SVC-005,IT保守,定期契約,CLI-003,344076,25069
2024/01/06,SVC-005,IT保守,スポット,CLI-004,108654,29862
2024/01/06,SVC-005,IT保守,複合,CLI-005,412293,98147
2024/01/06,SVC-006,コールセンター,定期契約,CLI-001,336046,38889
2024/01/06,SVC-006,コールセンター,スポット,CLI-002,487568,213575
2024/01/06,SVC-006,コールセンター,複合,CLI-003,355402,97643
2024/01/06,SVC-006,コールセンター,定期契約,CLI-004,275332,297871
2024/01/06,SVC-006,コールセンター,スポット,CLI-005,211616,115591
2024/01/06,SVC-007,警備巡回,複合,CLI-001,467397,40916
2024/01/06,SVC-007,警備巡回,定期契約,CLI-002,237595,75070
2024/01/06,SVC-007,警備巡回,スポット,CLI-003,407599,150825
2024/01/06,SVC-007,警備巡回,複合,CLI-004,399665,73893
2024/01/06,SVC-007,警備巡回,定期契約,CLI-005,235429,166770
2024/01/06,SVC-008,施設管理,スポット,CLI-001,263058,340254
2024/01/06,SVC-008,施設管理,複合,CLI-002,442942,101030
2024/01/06,SVC-008,施設管理,定期契約,CLI-003,174118,133325
2024/01/06,SVC-008,施設管理,スポット,CLI-004,135197,43206
2024/01/06,SVC-008,施設管理,複合,CLI-005,266161,26497
2024/01/07,SVC-001,清掃,定期契約,CLI-001,144036,116542
2024/01/07,SVC-001,清掃,スポット,CLI-002,224160,127928
2024/01/07,SVC-001,清掃,複合,CLI-003,470602,150111
2024/01/07,SVC-001,清掃,定期契約,CLI-004,189883,61732
2024/01/07,SVC-001,清掃,スポット,CLI-005,462811,76673
2024/01/07,SVC-002,警備,複合,CLI-001,250562,30151
2024/01/07,SVC-002,警備,定期契約,CLI-002,296777,78309
2024/01/07,SVC-002,警備,スポット,CLI-003,154633,127031
2024/01/07,SVC-002,警備,複合,CLI-004,291331,111660
2024/01/07,SVC-002,警備,定期契約,CLI-005,210007,79662
2024/01/07,SVC-003,設備管理,スポット,CLI-001,166876,23101
2024/01/07,SVC-003,設備管理,複合,CLI-002,396047,434971
2024/01/07,SVC-003,設備管理,定期契約,CLI-003,222103,93034
2024/01/07,SVC-003,設備管理,スポット,CLI-004,86396,70680
2024/01/07,SVC-003,設備管理,複合,CLI-005,196341,112050
2024/01/07,SVC-004,受付代行,定期契約,CLI-001,386321,287075
2024/01/07,SVC-004,受付代行,スポット,CLI-002,259546,198131
2024/01/07,SVC-004,受付代行,複合,CLI-003,492321,301131
2024/01/07,SVC-004,受付代行,定期契約,CLI-004,223617,27235
2024/01/07,SVC-004,受付代行,スポット,CLI-005,110472,54237
2024/01/07,SVC-005,IT保守,複合,CLI-001,143620,96099
2024/01/07,SVC-005,IT保守,定期契約,CLI-002,189180,30028
2024/01/07,SVC-005,IT保守,スポット,CLI-003,106834,76959
2024/01/07,SVC-005,IT保守,複合,CLI-004,231239,102228
2024/01/07,SVC-005,IT保守,定期契約,CLI-005,278796,178914
2024/01/07,SVC-006,コールセンター,スポット,CLI-001,318132,50315
2024/01/07,SVC-006,コールセンター,複合,CLI-002,251953,171149
2024/01/07,SVC-006,コールセンター,定期契約,CLI-003,149656,53386
2024/01/07,SVC-006,コールセンター,スポット,CLI-004,73271,89917
2024/01/07,SVC-006,コールセンター,複合,CLI-005,50886,37036
2024/01/07,SVC-007,警備巡回,定期契約,CLI-001,472843,302303
2024/01/07,SVC-007,警備巡回,スポット,CLI-002,410110,123303
2024/01/07,SVC-007,警備巡回,複合,CLI-003,240956,133062
2024/01/07,SVC-007,警備巡回,定期契約,CLI-004,86686,63531
2024/01/07,SVC-007,警備巡回,スポット,CLI-005,223119,183356
2024/01/07,SVC-008,施設管理,複合,CLI-001,214582,260898
2024/01/07,SVC-008,施設管理,定期契約,CLI-002,115339,59363
2024/01/07,SVC-008,施設管理,スポット,CLI-003,315878,101077
2024/01/07,SVC-008,施設管理,複合,CLI-004,399643,234115
2024/01/07,SVC-008,施設管理,定期契約,CLI-005,221013,125486
2024/01/08,SVC-001,清掃,スポット,CLI-001,415538,175008
2024/01/08,SVC-001,清掃,複合,CLI-002,340671,86735
2024/01/08,SVC-001,清掃,定期契約,CLI-003,150579,75108
2024/01/08,SVC-001,清掃,スポット,CLI-004,398614,218781
2024/01/08,SVC-001,清掃,複合,CLI-005,405109,111240
2024/01/08,SVC-002,警備,定期契約,CLI-001,372707,177784
2024/01/08,SVC-002,警備,スポット,CLI-002,262900,163638
2024/01/08,SVC-002,警備,複合,CLI-003,487112,20212
2024/01/08,SVC-002,警備,定期契約,CLI-004,209317,95212
2024/01/08,SVC-002,警備,スポット,CLI-005,160196,76346
2024/01/08,SVC-003,設備管理,複合,CLI-001,461963,324079
2024/01/08,SVC-003,設備管理,定期契約,CLI-002,368065,446711
2024/01/08,SVC-003,設備管理,スポット,CLI-003,293787,135811
2024/01/08,SVC-003,設備管理,複合,CLI-004,281819,197111
2024/01/08,SVC-003,設備管理,定期契約,CLI-005,162041,87000
2024/01/08,SVC-004,受付代行,スポット,CLI-001,298085,228072
2024/01/08,SVC-004,受付代行,複合,CLI-002,467346,108967
2024/01/08,SVC-004,受付代行,定期契約,CLI-003,395427,64457
2024/01/08,SVC-004,受付代行,スポット,CLI-004,198785,155122
2024/01/08,SVC-004,受付代行,複合,CLI-005,398050,195735
2024/01/08,SVC-005,IT保守,定期契約,CLI-001,98961,73636
2024/01/08,SVC-005,IT保守,スポット,CLI-002,443812,143138
2024/01/08,SVC-005,IT保守,複合,CLI-003,402738,182749
2024/01/08,SVC-005,IT保守,定期契約,CLI-004,167776,125717
2024/01/08,SVC-005,IT保守,スポット,CLI-005,154401,39313
2024/01/08,SVC-006,コールセンター,複合,CLI-001,62805,23028
2024/01/08,SVC-006,コールセンター,定期契約,CLI-002,178368,144554
2024/01/08,SVC-006,コールセンター,スポット,CLI-003,370483,58182
2024/01/08,SVC-006,コールセンター,複合,CLI-004,288769,333126
2024/01/08,SVC-006,コールセンター,定期契約,CLI-005,380178,321817
2024/01/08,SVC-007,警備巡回,スポット,CLI-001,151940,114155
2024/01/08,SVC-007,警備巡回,複合,CLI-002,415090,221315
2024/01/08,SVC-007,警備巡回,定期契約,CLI-003,309196,124766
2024/01/08,SVC-007,警備巡回,スポット,CLI-004,177918,58684
2024/01/08,SVC-007,警備巡回,複合,CLI-005,393963,22907
2024/01/08,SVC-008,施設管理,定期契約,CLI-001,443721,561355
2024/01/08,SVC-008,施設管理,スポット,CLI-002,105882,75724
2024/01/08,SVC-008,施設管理,複合,CLI-003,164735,43053
2024/01/08,SVC-008,施設管理,定期契約,CLI-004,471585,291559
2024/01/08,SVC-008,施設管理,スポット,CLI-005,293557,33164
2024/01/09,SVC-001,清掃,複合,CLI-001,342241,150651
2024/01/09,SVC-001,清掃,定期契約,CLI-002,494772,83626
2024/01/09,SVC-001,清掃,スポット,CLI-003,289317,54954
2024/01/09,SVC-001,清掃,複合,CLI-004,470173,263606
2024/01/09,SVC-001,清掃,定期契約,CLI-005,400002,298466
2024/01/09,SVC-002,警備,スポット,CLI-001,343037,186355
2024/01/09,SVC-002,警備,複合,CLI-002,445968,252035
2024/01/09,SVC-002,警備,定期契約,CLI-003,371206,284649
2024/01/09,SVC-002,警備,スポット,CLI-004,273735,163621
2024/01/09,SVC-002,警備,複合,CLI-005,283787,61722
2024/01/09,SVC-003,設備管理,定期契約,CLI-001,439889,268866
2024/01/09,SVC-003,設備管理,スポット,CLI-002,285966,318794
2024/01/09,SVC-003,設備管理,複合,CLI-003,179624,92695
2024/01/09,SVC-003,設備管理,定期契約,CLI-004,451506,293311
2024/01/09,SVC-003,設備管理,スポット,CLI-005,304068,184298
2024/01/09,SVC-004,受付代行,複合,CLI-001,175433,55992
2024/01/09,SVC-004,受付代行,定期契約,CLI-002,280619,40311
2024/01/09,SVC-004,受付代行,スポット,CLI-003,424103,169803
2024/01/09,SVC-004,受付代行,複合,CLI-004,172942,55614
2024/01/09,SVC-004,受付代行,定期契約,CLI-005,226080,103809
2024/01/09,SVC-005,IT保守,スポット,CLI-001,333195,62245
2024/01/09,SVC-005,IT保守,複合,CLI-002,122547,39769
2024/01/09,SVC-005,IT保守,定期契約,CLI-003,171247,70205
2024/01/09,SVC-005,IT保守,スポット,CLI-004,413829,100113
2024/01/09,SVC-005,IT保守,複合,CLI-005,420367,132172
2024/01/09,SVC-006,コールセンター,定期契約,CLI-001,83674,47188
2024/01/09,SVC-006,コールセンター,スポット,CLI-002,263699,106738
2024/01/09,SVC-006,コールセンター,複合,CLI-003,334484,264278
2024/01/09,SVC-006,コールセンター,定期契約,CLI-004,267985,285555
2024/01/09,SVC-006,コールセンター,スポット,CLI-005,486674,240276
2024/01/09,SVC-007,警備巡回,複合,CLI-001,254198,173112
2024/01/09,SVC-007,警備巡回,定期契約,CLI-002,414654,30240
2024/01/09,SVC-007,警備巡回,スポット,CLI-003,499174,321827
2024/01/09,SVC-007,警備巡回,複合,CLI-004,249429,145037
2024/01/09,SVC-007,警備巡回,定期契約,CLI-005,53091,31526
2024/01/09,SVC-008,施設管理,スポット,CLI-001,206559,255796
2024/01/09,SVC-008,施設管理,複合,CLI-002,497452,239687
2024/01/09,SVC-008,施設管理,定期契約,CLI-003,332182,135625
2024/01/09,SVC-008,施設管理,スポット,CLI-004,305972,77520
2024/01/09,SVC-008,施設管理,複合,CLI-005,193096,134251
2024/01/10,SVC-001,清掃,定期契約,CLI-001,304616,27608
2024/01/10,SVC-001,清掃,スポット,CLI-002,253873,108114
2024/01/10,SVC-001,清掃,複合,CLI-003,400682,231978
2024/01/10,SVC-001,清掃,定期契約,CLI-004,429679,106530
2024/01/10,SVC-001,清掃,スポット,CLI-005,490667,265047
2024/01/10,SVC-002,警備,複合,CLI-001,116913,90008
2024/01/10,SVC-002,警備,定期契約,CLI-002,64138,45822
2024/01/10,SVC-002,警備,スポット,CLI-003,360322,34209
2024/01/10,SVC-002,警備,複合,CLI-004,94012,62123
2024/01/10,SVC-002,警備,定期契約,CLI-005,274716,55572
2024/01/10,SVC-003,設備管理,スポット,CLI-001,292062,67639
2024/01/10,SVC-003,設備管理,複合,CLI-002,76363,85147
2024/01/10,SVC-003,設備管理,定期契約,CLI-003,221627,75485
2024/01/10,SVC-003,設備管理,スポット,CLI-004,288393,105680
2024/01/10,SVC-003,設備管理,複合,CLI-005,226947,119385
2024/01/10,SVC-004,受付代行,定期契約,CLI-001,195886,130510
2024/01/10,SVC-004,受付代行,スポット,CLI-002,182262,41471
2024/01/10,SVC-004,受付代行,複合,CLI-003,296576,25081
2024/01/10,SVC-004,受付代行,定期契約,CLI-004,442704,302810
2024/01/10,SVC-004,受付代行,スポット,CLI-005,77307,42935
2024/01/10,SVC-005,IT保守,複合,CLI-001,167556,105215
2024/01/10,SVC-005,IT保守,定期契約,CLI-002,85975,71198
2024/01/10,SVC-005,IT保守,スポット,CLI-003,391707,41106
2024/01/10,SVC-005,IT保守,複合,CLI-004,445435,36268
2024/01/10,SVC-005,IT保守,定期契約,CLI-005,179647,72261
2024/01/10,SVC-006,コールセンター,スポット,CLI-001,489997,30684
2024/01/10,SVC-006,コールセンター,複合,CLI-002,375758,99892
2024/01/10,SVC-006,コールセンター,定期契約,CLI-003,175066,36544
2024/01/10,SVC-006,コールセンター,スポット,CLI-004,298282,363117
2024/01/10,SVC-006,コールセンター,複合,CLI-005,345682,134276
2024/01/10,SVC-007,警備巡回,定期契約,CLI-001,293811,203360
2024/01/10,SVC-007,警備巡回,スポット,CLI-002,184345,116703
2024/01/10,SVC-007,警備巡回,複合,CLI-003,137969,99415
2024/01/10,SVC-007,警備巡回,定期契約,CLI-004,368372,80048
2024/01/10,SVC-007,警備巡回,スポット,CLI-005,457786,105860
2024/01/10,SVC-008,施設管理,複合,CLI-001,213073,229484
2024/01/10,SVC-008,施設管理,定期契約,CLI-002,63462,40444
2024/01/10,SVC-008,施設管理,スポット,CLI-003,351883,216768
2024/01/10,SVC-008,施設管理,複合,CLI-004,257961,207436
2024/01/10,SVC-008,施設管理,定期契約,CLI-005,153981,29961
2024/01/11,SVC-001,清掃,スポット,CLI-001,360429,147323
2024/01/11,SVC-001,清掃,複合,CLI-002,103425,59529
2024/01/11,SVC-001,清掃,定期契約,CLI-003,495798,334788
2024/01/11,SVC-001,清掃,スポット,CLI-004,472328,83467
2024/01/11,SVC-001,清掃,複合,CLI-005,467452,316711
2024/01/11,SVC-002,警備,定期契約,CLI-001,460326,41532
2024/01/11,SVC-002,警備,スポット,CLI-002,232034,159655
2024/01/11,SVC-002,警備,複合,CLI-003,274593,193413
2024/01/11,SVC-002,警備,定期契約,CLI-004,244285,38076
2024/01/11,SVC-002,警備,スポット,CLI-005,315269,189749
2024/01/11,SVC-003,設備管理,複合,CLI-001,228903,23316
2024/01/11,SVC-003,設備管理,定期契約,CLI-002,495422,572219
2024/01/11,SVC-003,設備管理,スポット,CLI-003,307006,47666
2024/01/11,SVC-003,設備管理,複合,CLI-004,277291,114945
2024/01/11,SVC-003,設備管理,定期契約,CLI-005,383229,261035
2024/01/11,SVC-004,受付代行,スポット,CLI-001,420833,100211
2024/01/11,SVC-004,受付代行,複合,CLI-002,278320,66173
2024/01/11,SVC-004,受付代行,定期契約,CLI-003,434720,293545
2024/01/11,SVC-004,受付代行,スポット,CLI-004,391027,161600
2024/01/11,SVC-004,受付代行,複合,CLI-005,372915,302157
2024/01/11,SVC-005,IT保守,定期契約,CLI-001,456135,273491
2024/01/11,SVC-005,IT保守,スポット,CLI-002,293727,134183
2024/01/11,SVC-005,IT保守,複合,CLI-003,482922,330627
2024/01/11,SVC-005,IT保守,定期契約,CLI-004,190716,104490
2024/01/11,SVC-005,IT保守,スポット,CLI-005,496542,148710
2024/01/11,SVC-006,コールセンター,複合,CLI-001,485542,65436
2024/01/11,SVC-006,コールセンター,定期契約,CLI-002,196238,138175
2024/01/11,SVC-006,コールセンター,スポット,CLI-003,177854,141820
2024/01/11,SVC-006,コールセンター,複合,CLI-004,348765,419418
2024/01/11,SVC-006,コールセンター,定期契約,CLI-005,248699,108184
2024/01/11,SVC-007,警備巡回,スポット,CLI-001,65047,52394
2024/01/11,SVC-007,警備巡回,複合,CLI-002,496144,190401
2024/01/11,SVC-007,警備巡回,定期契約,CLI-003,145336,83904
2024/01/11,SVC-007,警備巡回,スポット,CLI-004,161211,66507
2024/01/11,SVC-007,警備巡回,複合,CLI-005,468293,155451
2024/01/11,SVC-008,施設管理,定期契約,CLI-001,228435,255827
2024/01/11,SVC-008,施設管理,スポット,CLI-002,362556,164844
2024/01/11,SVC-008,施設管理,複合,CLI-003,341394,25322
2024/01/11,SVC-008,施設管理,定期契約,CLI-004,320861,268528
2024/01/11,SVC-008,施設管理,スポット,CLI-005,150168,31221
2024/01/12,SVC-001,清掃,複合,CLI-001,176540,114381
2024/01/12,SVC-001,清掃,定期契約,CLI-002,263085,148077
2024/01/12,SVC-001,清掃,スポット,CLI-003,341072,145998
2024/01/12,SVC-001,清掃,複合,CLI-004,412078,269609
2024/01/12,SVC-001,清掃,定期契約,CLI-005,388639,277331
2024/01/12,SVC-002,警備,スポット,CLI-001,284972,227862
2024/01/12,SVC-002,警備,複合,CLI-002,59040,23049
2024/01/12,SVC-002,警備,定期契約,CLI-003,204264,78090
2024/01/12,SVC-002,警備,スポット,CLI-004,262022,201347
2024/01/12,SVC-002,警備,複合,CLI-005,177561,60135
2024/01/12,SVC-003,設備管理,定期契約,CLI-001,398106,324902
2024/01/12,SVC-003,設備管理,スポット,CLI-002,243472,284452
2024/01/12,SVC-003,設備管理,複合,CLI-003,328355,110113
2024/01/12,SVC-003,設備管理,定期契約,CLI-004,273086,215542
2024/01/12,SVC-003,設備管理,スポット,CLI-005,338562,193429
2024/01/12,SVC-004,受付代行,複合,CLI-001,234450,138946
2024/01/12,SVC-004,受付代行,定期契約,CLI-002,192038,100379
2024/01/12,SVC-004,受付代行,スポット,CLI-003,181807,80434
2024/01/12,SVC-004,受付代行,複合,CLI-004,113258,45242
2024/01/12,SVC-004,受付代行,定期契約,CLI-005,215438,51340
2024/01/12,SVC-005,IT保守,スポット,CLI-001,439483,300947
2024/01/12,SVC-005,IT保守,複合,CLI-002,449606,117071
2024/01/12,SVC-005,IT保守,定期契約,CLI-003,150422,48361
2024/01/12,SVC-005,IT保守,スポット,CLI-004,437241,273859
2024/01/12,SVC-005,IT保守,複合,CLI-005,194965,157530
2024/01/12,SVC-006,コールセンター,定期契約,CLI-001,362890,168372
2024/01/12,SVC-006,コールセンター,スポット,CLI-002,102704,45443
2024/01/12,SVC-006,コールセンター,複合,CLI-003,205318,79633
2024/01/12,SVC-006,コールセンター,定期契約,CLI-004,239205,261896
2024/01/12,SVC-006,コールセンター,スポット,CLI-005,57417,43200
2024/01/12,SVC-007,警備巡回,複合,CLI-001,330040,53182
2024/01/12,SVC-007,警備巡回,定期契約,CLI-002,193818,31931
2024/01/12,SVC-007,警備巡回,スポット,CLI-003,78587,56264
2024/01/12,SVC-007,警備巡回,複合,CLI-004,203163,53103
2024/01/12,SVC-007,警備巡回,定期契約,CLI-005,384427,277361
2024/01/12,SVC-008,施設管理,スポット,CLI-001,103785,131618
2024/01/12,SVC-008,施設管理,複合,CLI-002,350974,169075
2024/01/12,SVC-008,施設管理,定期契約,CLI-003,296099,145492
2024/01/12,SVC-008,施設管理,スポット,CLI-004,280932,109314
2024/01/12,SVC-008,施設管理,複合,CLI-005,146659,26734
