date,store,ingredient_code,ingredient_name,category,purchase_qty,unit_cost,used_qty,waste_qty,purchase_cost,waste_cost,waste_rate,qty_imputed,source_file
2024-01-01,渋谷店,VG-001,キャベツ,野菜・果物,15.9,120.0,12.9,3.0,1908.0,360.0,0.1887,False,01_渋谷店_仕入_202401.csv
2024-01-01,渋谷店,FS-002,エビ,魚介類,14.6,2500.0,10.6,4.0,36500.0,10000.0,0.274,False,01_渋谷店_仕入_202401.csv
2024-01-01,渋谷店,MT-002,豚バラ,肉類,15.7,1200.0,14.1,1.6,18840.0,1920.0,0.1019,False,01_渋谷店_仕入_202401.csv
2024-01-01,渋谷店,VG-005,レタス,野菜・果物,10.1,200.0,8.0,2.1,2020.0,420.0,0.2079,False,01_渋谷店_仕入_202401.csv
2024-01-01,渋谷店,VG-005,レタス,野菜・果物,13.6,200.0,12.3,1.3,2720.0,260.0,0.0956,False,01_渋谷店_仕入_202401.csv
2024-01-01,渋谷店,SE-001,醤油(L),調味料・油,6.1,400.0,4.4,1.7,2440.0,680.0,0.2787,False,01_渋谷店_仕入_202401.csv
2024-01-02,渋谷店,VG-001,キャベツ,野菜・果物,13.4,120.0,11.9,1.5,1608.0,180.0,0.1119,False,01_渋谷店_仕入_202401.csv
2024-01-02,渋谷店,MT-002,豚バラ,肉類,19.5,1200.0,18.0,1.5,23400.0,1800.0,0.0769,False,01_渋谷店_仕入_202401.csv
2024-01-02,渋谷店,DY-001,牛乳(L),乳製品・卵,5.5,200.0,4.5,1.0,1100.0,200.0,0.1818,False,01_渋谷店_仕入_202401.csv
2024-01-02,渋谷店,DY-002,バター(250g),乳製品・卵,14.3,450.0,12.7,1.6,6435.0,720.0,0.1119,False,01_渋谷店_仕入_202401.csv
2024-01-02,渋谷店,DY-004,チーズ(kg),乳製品・卵,7.9,1800.0,6.3,1.6,14220.0,2880.0,0.2025,False,01_渋谷店_仕入_202401.csv
2024-01-02,渋谷店,MT-004,鶏むね肉,肉類,5.4,600.0,4.0,1.4,3240.0,840.0,0.2593,False,01_渋谷店_仕入_202401.csv
2024-01-03,渋谷店,DY-003,卵(10個),乳製品・卵,6.1,250.0,5.3,0.8,1525.0,200.0,0.1311,False,01_渋谷店_仕入_202401.csv
2024-01-03,渋谷店,VG-002,にんじん,野菜・果物,17.0,180.0,14.9,2.1,3060.0,378.0,0.1235,False,01_渋谷店_仕入_202401.csv
2024-01-03,渋谷店,SE-003,みりん(L),調味料・油,17.0,600.0,15.3,1.7,10200.0,1020.0,0.1,False,01_渋谷店_仕入_202401.csv
2024-01-03,渋谷店,FS-002,エビ,魚介類,7.2,2500.0,6.3,0.9,18000.0,2250.0,0.125,False,01_渋谷店_仕入_202401.csv
2024-01-03,渋谷店,MT-003,牛切り落とし,肉類,5.6,2000.0,3.9,1.7,11200.0,3400.0,0.3036,False,01_渋谷店_仕入_202401.csv
2024-01-03,渋谷店,VG-001,キャベツ,野菜・果物,14.0,120.0,12.3,1.7,1680.0,204.0,0.1214,False,01_渋谷店_仕入_202401.csv
2024-01-04,渋谷店,SE-001,醤油(L),調味料・油,10.3,400.0,8.7,1.6,4120.0,640.0,0.1553,False,01_渋谷店_仕入_202401.csv
2024-01-04,渋谷店,FS-003,イカ,魚介類,4.1,1200.0,3.6,0.5,4920.0,600.0,0.122,False,01_渋谷店_仕入_202401.csv
2024-01-04,渋谷店,DY-003,卵(10個),乳製品・卵,12.2,250.0,10.9,1.3,3050.0,325.0,0.1066,False,01_渋谷店_仕入_202401.csv
2024-01-04,渋谷店,VG-004,トマト,野菜・果物,12.0,300.0,10.1,1.9,3600.0,570.0,0.1583,False,01_渋谷店_仕入_202401.csv
2024-01-04,渋谷店,DY-001,牛乳(L),乳製品・卵,2.6,200.0,2.1,0.5,520.0,100.0,0.1923,False,01_渋谷店_仕入_202401.csv
2024-01-04,渋谷店,SE-001,醤油(L),調味料・油,9.4,400.0,8.6,0.8,3760.0,320.0,0.0851,False,01_渋谷店_仕入_202401.csv
2024-01-05,渋谷店,DY-003,卵(10個),乳製品・卵,3.0,250.0,2.3,0.7,750.0,175.0,0.2333,False,01_渋谷店_仕入_202401.csv
2024-01-05,渋谷店,DY-003,卵(10個),乳製品・卵,13.9,250.0,11.7,2.2,3475.0,550.0,0.1583,False,01_渋谷店_仕入_202401.csv
2024-01-05,渋谷店,DY-002,バター(250g),乳製品・卵,14.0,450.0,11.2,2.8,6300.0,1260.0,0.2,False,01_渋谷店_仕入_202401.csv
2024-01-05,渋谷店,VG-001,キャベツ,野菜・果物,5.0,120.0,3.7,1.3,600.0,156.0,0.26,False,01_渋谷店_仕入_202401.csv
2024-01-05,渋谷店,MT-003,牛切り落とし,肉類,10.3,2000.0,7.6,2.7,20600.0,5400.0,0.2621,False,01_渋谷店_仕入_202401.csv
2024-01-05,渋谷店,VG-002,にんじん,野菜・果物,4.7,180.0,4.1,0.6,846.0,108.0,0.1277,False,01_渋谷店_仕入_202401.csv
2024-01-08,渋谷店,VG-004,トマト,野菜・果物,8.9,300.0,6.9,2.0,2670.0,600.0,0.2247,False,01_渋谷店_仕入_202401.csv
2024-01-08,渋谷店,FS-004,アジ,魚介類,8.5,800.0,6.1,2.4,6800.0,1920.0,0.2824,False,01_渋谷店_仕入_202401.csv
2024-01-08,渋谷店,FS-002,エビ,魚介類,19.3,2500.0,17.9,1.4,48250.0,3500.0,0.0725,False,01_渋谷店_仕入_202401.csv
2024-01-08,渋谷店,FS-003,イカ,魚介類,6.8,1200.0,6.4,0.4,8160.0,480.0,0.0588,False,01_渋谷店_仕入_202401.csv
2024-01-08,渋谷店,MT-003,牛切り落とし,肉類,14.9,2000.0,12.1,2.8,29800.0,5600.0,0.1879,False,01_渋谷店_仕入_202401.csv
2024-01-08,渋谷店,VG-005,レタス,野菜・果物,3.7,200.0,3.4,0.3,740.0,60.0,0.0811,False,01_渋谷店_仕入_202401.csv
2024-01-09,渋谷店,MT-002,豚バラ,肉類,5.6,1200.0,4.3,1.3,6720.0,1560.0,0.2321,False,01_渋谷店_仕入_202401.csv
2024-01-09,渋谷店,MT-004,鶏むね肉,肉類,5.2,600.0,4.8,0.4,3120.0,240.0,0.0769,False,01_渋谷店_仕入_202401.csv
2024-01-09,渋谷店,SE-003,みりん(L),調味料・油,15.0,600.0,12.1,2.9,9000.0,1740.0,0.1933,False,01_渋谷店_仕入_202401.csv
2024-01-09,渋谷店,DY-002,バター(250g),乳製品・卵,12.5,450.0,9.8,2.7,5625.0,1215.0,0.216,False,01_渋谷店_仕入_202401.csv
2024-01-09,渋谷店,FS-001,鮭,魚介類,2.7,1500.0,2.2,0.5,4050.0,750.0,0.1852,False,01_渋谷店_仕入_202401.csv
2024-01-09,渋谷店,MT-001,鶏もも肉,肉類,4.6,800.0,3.3,1.3,3680.0,1040.0,0.2826,False,01_渋谷店_仕入_202401.csv
2024-01-10,渋谷店,FS-004,アジ,魚介類,5.1,800.0,4.7,0.4,4080.0,320.0,0.0784,False,01_渋谷店_仕入_202401.csv
2024-01-10,渋谷店,FS-001,鮭,魚介類,8.2,1500.0,5.8,2.4,12300.0,3600.0,0.2927,False,01_渋谷店_仕入_202401.csv
2024-01-10,渋谷店,MT-003,牛切り落とし,肉類,10.7,2000.0,8.3,2.4,21400.0,4800.0,0.2243,False,01_渋谷店_仕入_202401.csv
2024-01-10,渋谷店,MT-004,鶏むね肉,肉類,10.8,600.0,10.1,0.7,6480.0,420.0,0.0648,False,01_渋谷店_仕入_202401.csv
2024-01-10,渋谷店,SE-004,塩(kg),調味料・油,10.5,200.0,8.1,2.4,2100.0,480.0,0.2286,False,01_渋谷店_仕入_202401.csv
2024-01-10,渋谷店,MT-003,牛切り落とし,肉類,11.4,2000.0,8.3,3.1,22800.0,6200.0,0.2719,False,01_渋谷店_仕入_202401.csv
2024-01-11,渋谷店,MT-002,豚バラ,肉類,18.1,1200.0,13.3,4.8,21720.0,5760.0,0.2652,False,01_渋谷店_仕入_202401.csv
2024-01-11,渋谷店,DY-003,卵(10個),乳製品・卵,4.0,250.0,3.5,0.5,1000.0,125.0,0.125,False,01_渋谷店_仕入_202401.csv
2024-01-11,渋谷店,DY-004,チーズ(kg),乳製品・卵,13.9,1800.0,12.3,1.6,25020.0,2880.0,0.1151,False,01_渋谷店_仕入_202401.csv
2024-01-11,渋谷店,DY-004,チーズ(kg),乳製品・卵,3.9,1800.0,3.6,0.3,7020.0,540.0,0.0769,False,01_渋谷店_仕入_202401.csv
2024-01-11,渋谷店,FS-002,エビ,魚介類,2.7,2500.0,2.3,0.4,6750.0,1000.0,0.1481,False,01_渋谷店_仕入_202401.csv
2024-01-11,渋谷店,MT-004,鶏むね肉,肉類,16.9,600.0,15.2,1.7,10140.0,1020.0,0.1006,False,01_渋谷店_仕入_202401.csv
2024-01-12,渋谷店,VG-001,キャベツ,野菜・果物,19.2,120.0,14.8,4.4,2304.0,528.0,0.2292,False,01_渋谷店_仕入_202401.csv
2024-01-12,渋谷店,VG-002,にんじん,野菜・果物,6.6,180.0,6.2,0.4,1188.0,72.0,0.0606,False,01_渋谷店_仕入_202401.csv
2024-01-12,渋谷店,MT-004,鶏むね肉,肉類,2.8,600.0,2.3,0.5,1680.0,300.0,0.1786,False,01_渋谷店_仕入_202401.csv
2024-01-12,渋谷店,DY-001,牛乳(L),乳製品・卵,18.1,200.0,16.1,2.0,3620.0,400.0,0.1105,False,01_渋谷店_仕入_202401.csv
2024-01-12,渋谷店,SE-004,塩(kg),調味料・油,18.1,200.0,15.0,3.1,3620.0,620.0,0.1713,False,01_渋谷店_仕入_202401.csv
2024-01-12,渋谷店,DY-004,チーズ(kg),乳製品・卵,15.9,1800.0,13.8,2.1,28620.0,3780.0,0.1321,False,01_渋谷店_仕入_202401.csv
2024-01-15,渋谷店,DY-003,卵(10個),乳製品・卵,3.7,250.0,3.3,0.4,925.0,100.0,0.1081,False,01_渋谷店_仕入_202401.csv
2024-01-15,渋谷店,DY-001,牛乳(L),乳製品・卵,18.9,200.0,14.4,4.5,3780.0,900.0,0.2381,False,01_渋谷店_仕入_202401.csv
2024-01-15,渋谷店,VG-005,レタス,野菜・果物,17.0,200.0,12.6,4.4,3400.0,880.0,0.2588,False,01_渋谷店_仕入_202401.csv
2024-01-15,渋谷店,FS-003,イカ,魚介類,12.8,1200.0,11.8,1.0,15360.0,1200.0,0.0781,False,01_渋谷店_仕入_202401.csv
2024-01-15,渋谷店,VG-003,玉ねぎ,野菜・果物,7.6,150.0,6.8,0.8,1140.0,120.0,0.1053,False,01_渋谷店_仕入_202401.csv
2024-01-15,渋谷店,SE-002,サラダ油(L),調味料・油,11.0,350.0,9.0,2.0,3850.0,700.0,0.1818,False,01_渋谷店_仕入_202401.csv
2024-01-16,渋谷店,SE-001,醤油(L),調味料・油,4.4,400.0,3.8,0.6,1760.0,240.0,0.1364,False,01_渋谷店_仕入_202401.csv
2024-01-16,渋谷店,FS-002,エビ,魚介類,11.1,2500.0,9.7,1.4,27750.0,3500.0,0.1261,False,01_渋谷店_仕入_202401.csv
2024-01-16,渋谷店,DY-001,牛乳(L),乳製品・卵,5.6,200.0,5.0,0.6,1120.0,120.0,0.1071,False,01_渋谷店_仕入_202401.csv
2024-01-16,渋谷店,FS-002,エビ,魚介類,15.3,2500.0,11.2,4.1,38250.0,10250.0,0.268,False,01_渋谷店_仕入_202401.csv
2024-01-16,渋谷店,MT-003,牛切り落とし,肉類,18.7,2000.0,14.9,3.8,37400.0,7600.0,0.2032,False,01_渋谷店_仕入_202401.csv
2024-01-16,渋谷店,MT-001,鶏もも肉,肉類,10.8,800.0,9.3,1.5,8640.0,1200.0,0.1389,False,01_渋谷店_仕入_202401.csv
2024-01-17,渋谷店,DY-003,卵(10個),乳製品・卵,7.2,250.0,5.5,1.7,1800.0,425.0,0.2361,False,01_渋谷店_仕入_202401.csv
2024-01-17,渋谷店,SE-001,醤油(L),調味料・油,13.4,400.0,9.7,3.7,5360.0,1480.0,0.2761,False,01_渋谷店_仕入_202401.csv
2024-01-17,渋谷店,VG-003,玉ねぎ,野菜・果物,9.5,150.0,8.9,0.6,1425.0,90.0,0.0632,False,01_渋谷店_仕入_202401.csv
2024-01-17,渋谷店,FS-002,エビ,魚介類,18.8,2500.0,16.9,1.9,47000.0,4750.0,0.1011,False,01_渋谷店_仕入_202401.csv
2024-01-17,渋谷店,VG-002,にんじん,野菜・果物,16.1,180.0,11.3,4.8,2898.0,864.0,0.2981,False,01_渋谷店_仕入_202401.csv
2024-01-17,渋谷店,DY-001,牛乳(L),乳製品・卵,16.9,200.0,15.2,1.7,3380.0,340.0,0.1006,False,01_渋谷店_仕入_202401.csv
2024-01-18,渋谷店,VG-004,トマト,野菜・果物,11.6,300.0,9.9,1.7,3480.0,510.0,0.1466,False,01_渋谷店_仕入_202401.csv
2024-01-18,渋谷店,VG-005,レタス,野菜・果物,12.9,200.0,10.4,2.5,2580.0,500.0,0.1938,False,01_渋谷店_仕入_202401.csv
2024-01-18,渋谷店,MT-002,豚バラ,肉類,9.7,1200.0,8.4,1.3,11640.0,1560.0,0.134,False,01_渋谷店_仕入_202401.csv
2024-01-18,渋谷店,SE-002,サラダ油(L),調味料・油,10.2,350.0,7.8,2.4,3570.0,840.0,0.2353,False,01_渋谷店_仕入_202401.csv
2024-01-18,渋谷店,FS-004,アジ,魚介類,15.4,800.0,13.9,1.5,12320.0,1200.0,0.0974,False,01_渋谷店_仕入_202401.csv
2024-01-18,渋谷店,MT-002,豚バラ,肉類,3.2,1200.0,2.7,0.5,3840.0,600.0,0.1562,False,01_渋谷店_仕入_202401.csv
2024-01-19,渋谷店,FS-004,アジ,魚介類,16.8,800.0,13.1,3.7,13440.0,2960.0,0.2202,False,01_渋谷店_仕入_202401.csv
2024-01-19,渋谷店,FS-004,アジ,魚介類,18.6,800.0,13.8,4.8,14880.0,3840.0,0.2581,False,01_渋谷店_仕入_202401.csv
2024-01-19,渋谷店,DY-004,チーズ(kg),乳製品・卵,4.8,1800.0,4.0,0.8,8640.0,1440.0,0.1667,False,01_渋谷店_仕入_202401.csv
2024-01-19,渋谷店,VG-002,にんじん,野菜・果物,5.1,180.0,3.6,1.5,918.0,270.0,0.2941,False,01_渋谷店_仕入_202401.csv
2024-01-19,渋谷店,MT-001,鶏もも肉,肉類,14.3,800.0,11.4,2.9,11440.0,2320.0,0.2028,False,01_渋谷店_仕入_202401.csv
2024-01-19,渋谷店,FS-001,鮭,魚介類,11.1,1500.0,10.2,0.9,16650.0,1350.0,0.0811,False,01_渋谷店_仕入_202401.csv
2024-01-22,渋谷店,DY-002,バター(250g),乳製品・卵,2.8,450.0,2.1,0.7,1260.0,315.0,0.25,False,01_渋谷店_仕入_202401.csv
2024-01-22,渋谷店,DY-002,バター(250g),乳製品・卵,6.5,450.0,5.5,1.0,2925.0,450.0,0.1538,False,01_渋谷店_仕入_202401.csv
2024-01-22,渋谷店,VG-001,キャベツ,野菜・果物,2.9,120.0,2.3,0.6,348.0,72.0,0.2069,False,01_渋谷店_仕入_202401.csv
2024-01-22,渋谷店,VG-002,にんじん,野菜・果物,3.8,180.0,2.7,1.1,684.0,198.0,0.2895,False,01_渋谷店_仕入_202401.csv
2024-01-22,渋谷店,VG-001,キャベツ,野菜・果物,3.8,120.0,3.5,0.3,456.0,36.0,0.0789,False,01_渋谷店_仕入_202401.csv
2024-01-22,渋谷店,FS-001,鮭,魚介類,19.6,1500.0,17.6,2.0,29400.0,3000.0,0.102,False,01_渋谷店_仕入_202401.csv
2024-01-23,渋谷店,DY-002,バター(250g),乳製品・卵,13.6,450.0,12.2,1.4,6120.0,630.0,0.1029,False,01_渋谷店_仕入_202401.csv
2024-01-23,渋谷店,FS-004,アジ,魚介類,11.6,800.0,9.6,2.0,9280.0,1600.0,0.1724,False,01_渋谷店_仕入_202401.csv
2024-01-23,渋谷店,MT-002,豚バラ,肉類,10.3,1200.0,8.2,2.1,12360.0,2520.0,0.2039,False,01_渋谷店_仕入_202401.csv
2024-01-23,渋谷店,DY-004,チーズ(kg),乳製品・卵,6.8,1800.0,5.0,1.8,12240.0,3240.0,0.2647,False,01_渋谷店_仕入_202401.csv
2024-01-23,渋谷店,MT-004,鶏むね肉,肉類,9.5,600.0,7.2,2.3,5700.0,1380.0,0.2421,False,01_渋谷店_仕入_202401.csv
2024-01-23,渋谷店,SE-002,サラダ油(L),調味料・油,8.6,350.0,6.7,1.9,3010.0,665.0,0.2209,False,01_渋谷店_仕入_202401.csv
2024-01-24,渋谷店,VG-001,キャベツ,野菜・果物,14.3,120.0,11.1,3.2,1716.0,384.0,0.2238,False,01_渋谷店_仕入_202401.csv
2024-01-24,渋谷店,SE-003,みりん(L),調味料・油,18.5,600.0,15.2,3.3,11100.0,1980.0,0.1784,False,01_渋谷店_仕入_202401.csv
2024-01-24,渋谷店,SE-004,塩(kg),調味料・油,11.6,200.0,10.6,1.0,2320.0,200.0,0.0862,False,01_渋谷店_仕入_202401.csv
2024-01-24,渋谷店,SE-001,醤油(L),調味料・油,16.5,400.0,13.7,2.8,6600.0,1120.0,0.1697,False,01_渋谷店_仕入_202401.csv
2024-01-24,渋谷店,VG-001,キャベツ,野菜・果物,7.2,120.0,6.4,0.8,864.0,96.0,0.1111,False,01_渋谷店_仕入_202401.csv
2024-01-24,渋谷店,SE-003,みりん(L),調味料・油,14.5,600.0,13.3,1.2,8700.0,720.0,0.0828,False,01_渋谷店_仕入_202401.csv
2024-01-25,渋谷店,VG-002,にんじん,野菜・果物,13.1,180.0,9.5,3.6,2358.0,648.0,0.2748,False,01_渋谷店_仕入_202401.csv
2024-01-25,渋谷店,MT-002,豚バラ,肉類,3.5,1200.0,3.3,0.2,4200.0,240.0,0.0571,False,01_渋谷店_仕入_202401.csv
2024-01-25,渋谷店,DY-004,チーズ(kg),乳製品・卵,19.3,1800.0,17.4,1.9,34740.0,3420.0,0.0984,False,01_渋谷店_仕入_202401.csv
2024-01-25,渋谷店,MT-004,鶏むね肉,肉類,16.1,600.0,14.5,1.6,9660.0,960.0,0.0994,False,01_渋谷店_仕入_202401.csv
2024-01-25,渋谷店,MT-003,牛切り落とし,肉類,6.6,2000.0,5.0,1.6,13200.0,3200.0,0.2424,False,01_渋谷店_仕入_202401.csv
2024-01-25,渋谷店,SE-002,サラダ油(L),調味料・油,5.1,350.0,4.3,0.8,1785.0,280.0,0.1569,False,01_渋谷店_仕入_202401.csv
2024-01-26,渋谷店,VG-004,トマト,野菜・果物,10.4,300.0,8.6,1.8,3120.0,540.0,0.1731,False,01_渋谷店_仕入_202401.csv
2024-01-26,渋谷店,DY-001,牛乳(L),乳製品・卵,16.4,200.0,13.5,2.9,3280.0,580.0,0.1768,False,01_渋谷店_仕入_202401.csv
2024-01-26,渋谷店,VG-005,レタス,野菜・果物,18.8,200.0,13.7,5.1,3760.0,1020.0,0.2713,False,01_渋谷店_仕入_202401.csv
2024-01-26,渋谷店,VG-001,キャベツ,野菜・果物,3.6,120.0,3.1,0.5,432.0,60.0,0.1389,False,01_渋谷店_仕入_202401.csv
2024-01-26,渋谷店,MT-002,豚バラ,肉類,15.9,1200.0,13.8,2.1,19080.0,2520.0,0.1321,False,01_渋谷店_仕入_202401.csv
2024-01-26,渋谷店,SE-004,塩(kg),調味料・油,18.2,200.0,16.2,2.0,3640.0,400.0,0.1099,False,01_渋谷店_仕入_202401.csv
2024-01-29,渋谷店,SE-002,サラダ油(L),調味料・油,8.6,350.0,6.7,1.9,3010.0,665.0,0.2209,False,01_渋谷店_仕入_202401.csv
2024-01-29,渋谷店,SE-001,醤油(L),調味料・油,4.7,400.0,4.4,0.3,1880.0,120.0,0.0638,False,01_渋谷店_仕入_202401.csv
2024-01-29,渋谷店,MT-004,鶏むね肉,肉類,8.9,600.0,7.9,1.0,5340.0,600.0,0.1124,False,01_渋谷店_仕入_202401.csv
2024-01-29,渋谷店,VG-004,トマト,野菜・果物,18.9,300.0,16.9,2.0,5670.0,600.0,0.1058,False,01_渋谷店_仕入_202401.csv
2024-01-29,渋谷店,FS-004,アジ,魚介類,8.8,800.0,8.3,0.5,7040.0,400.0,0.0568,False,01_渋谷店_仕入_202401.csv
2024-01-29,渋谷店,FS-004,アジ,魚介類,19.1,800.0,13.9,5.2,15280.0,4160.0,0.2723,False,01_渋谷店_仕入_202401.csv
2024-01-30,渋谷店,DY-004,チーズ(kg),乳製品・卵,13.5,1800.0,9.9,3.6,24300.0,6480.0,0.2667,False,01_渋谷店_仕入_202401.csv
2024-01-30,渋谷店,MT-002,豚バラ,肉類,14.3,1200.0,10.1,4.2,17160.0,5040.0,0.2937,False,01_渋谷店_仕入_202401.csv
2024-01-30,渋谷店,FS-002,エビ,魚介類,16.9,2500.0,13.1,3.8,42250.0,9500.0,0.2249,False,01_渋谷店_仕入_202401.csv
2024-01-30,渋谷店,VG-005,レタス,野菜・果物,10.0,200.0,7.8,2.2,2000.0,440.0,0.22,False,01_渋谷店_仕入_202401.csv
2024-01-30,渋谷店,DY-001,牛乳(L),乳製品・卵,16.1,200.0,11.7,4.4,3220.0,880.0,0.2733,False,01_渋谷店_仕入_202401.csv
2024-01-30,渋谷店,FS-001,鮭,魚介類,17.8,1500.0,13.7,4.1,26700.0,6150.0,0.2303,False,01_渋谷店_仕入_202401.csv
2024-01-31,渋谷店,VG-005,レタス,野菜・果物,3.9,200.0,3.7,0.2,780.0,40.0,0.0513,False,01_渋谷店_仕入_202401.csv
2024-01-31,渋谷店,SE-002,サラダ油(L),調味料・油,13.7,350.0,9.9,3.8,4795.0,1330.0,0.2774,False,01_渋谷店_仕入_202401.csv
2024-01-31,渋谷店,VG-005,レタス,野菜・果物,2.5,200.0,1.9,0.6,500.0,120.0,0.24,False,01_渋谷店_仕入_202401.csv
2024-01-31,渋谷店,VG-002,にんじん,野菜・果物,16.0,180.0,12.0,4.0,2880.0,720.0,0.25,False,01_渋谷店_仕入_202401.csv
2024-01-31,渋谷店,VG-005,レタス,野菜・果物,13.8,200.0,11.6,2.2,2760.0,440.0,0.1594,False,01_渋谷店_仕入_202401.csv
2024-01-31,渋谷店,VG-002,にんじん,野菜・果物,12.9,180.0,11.6,1.3,2322.0,234.0,0.1008,False,01_渋谷店_仕入_202401.csv
2024-01-01,新宿店,SE-001,醤油(L),調味料・油,17.3,400.0,12.4,4.9,6920.0,1960.0,0.2832,False,02_新宿店_cost_202401.csv
2024-01-01,新宿店,DY-002,バター(250g),乳製品・卵,18.7,450.0,16.7,2.0,8415.0,900.0,0.107,False,02_新宿店_cost_202401.csv
2024-01-01,新宿店,DY-001,牛乳(L),乳製品・卵,17.1,200.0,12.1,5.0,3420.0,1000.0,0.2924,False,02_新宿店_cost_202401.csv
2024-01-01,新宿店,DY-001,牛乳(L),乳製品・卵,4.2,200.0,3.5,0.7,840.0,140.0,0.1667,False,02_新宿店_cost_202401.csv
2024-01-01,新宿店,SE-003,みりん(L),調味料・油,13.3,600.0,12.1,1.2,7980.0,720.0,0.0902,False,02_新宿店_cost_202401.csv
2024-01-02,新宿店,FS-002,エビ,魚介類,15.2,2500.0,11.4,3.8,38000.0,9500.0,0.25,False,02_新宿店_cost_202401.csv
2024-01-02,新宿店,FS-002,エビ,魚介類,14.8,2500.0,14.0,0.8,37000.0,2000.0,0.0541,False,02_新宿店_cost_202401.csv
2024-01-02,新宿店,FS-004,アジ,魚介類,3.0,800.0,2.2,0.8,2400.0,640.0,0.2667,False,02_新宿店_cost_202401.csv
2024-01-02,新宿店,MT-003,牛切り落とし,肉類,14.8,2000.0,12.2,2.6,29600.0,5200.0,0.1757,False,02_新宿店_cost_202401.csv
2024-01-02,新宿店,SE-003,みりん(L),調味料・油,19.6,600.0,16.0,3.6,11760.0,2160.0,0.1837,False,02_新宿店_cost_202401.csv
2024-01-03,新宿店,VG-001,キャベツ,野菜・果物,13.5,120.0,11.4,2.1,1620.0,252.0,0.1556,False,02_新宿店_cost_202401.csv
2024-01-03,新宿店,SE-001,醤油(L),調味料・油,19.0,400.0,14.7,4.3,7600.0,1720.0,0.2263,False,02_新宿店_cost_202401.csv
2024-01-03,新宿店,VG-005,レタス,野菜・果物,14.6,200.0,12.6,2.0,2920.0,400.0,0.137,False,02_新宿店_cost_202401.csv
2024-01-03,新宿店,MT-003,牛切り落とし,肉類,4.7,2000.0,3.9,0.8,9400.0,1600.0,0.1702,False,02_新宿店_cost_202401.csv
2024-01-03,新宿店,MT-003,牛切り落とし,肉類,10.5,2000.0,7.7,2.8,21000.0,5600.0,0.2667,False,02_新宿店_cost_202401.csv
2024-01-04,新宿店,VG-002,にんじん,野菜・果物,7.0,180.0,5.4,1.6,1260.0,288.0,0.2286,False,02_新宿店_cost_202401.csv
2024-01-04,新宿店,FS-003,イカ,魚介類,13.0,1200.0,11.2,1.8,15600.0,2160.0,0.1385,False,02_新宿店_cost_202401.csv
2024-01-04,新宿店,MT-004,鶏むね肉,肉類,9.4,600.0,7.1,2.3,5640.0,1380.0,0.2447,False,02_新宿店_cost_202401.csv
2024-01-04,新宿店,DY-003,卵(10個),乳製品・卵,7.7,250.0,5.5,2.2,1925.0,550.0,0.2857,False,02_新宿店_cost_202401.csv
2024-01-04,新宿店,DY-001,牛乳(L),乳製品・卵,10.5,200.0,7.9,2.6,2100.0,520.0,0.2476,False,02_新宿店_cost_202401.csv
2024-01-05,新宿店,DY-003,卵(10個),乳製品・卵,12.2,250.0,10.7,1.5,3050.0,375.0,0.123,False,02_新宿店_cost_202401.csv
2024-01-05,新宿店,VG-002,にんじん,野菜・果物,13.7,180.0,10.7,3.0,2466.0,540.0,0.219,False,02_新宿店_cost_202401.csv
2024-01-05,新宿店,FS-001,鮭,魚介類,11.9,1500.0,9.6,2.3,17850.0,3450.0,0.1933,False,02_新宿店_cost_202401.csv
2024-01-05,新宿店,VG-005,レタス,野菜・果物,8.5,200.0,7.0,1.5,1700.0,300.0,0.1765,False,02_新宿店_cost_202401.csv
2024-01-05,新宿店,MT-003,牛切り落とし,肉類,18.0,2000.0,16.7,1.3,36000.0,2600.0,0.0722,False,02_新宿店_cost_202401.csv
2024-01-08,新宿店,FS-002,エビ,魚介類,11.4,2500.0,10.3,1.1,28500.0,2750.0,0.0965,False,02_新宿店_cost_202401.csv
2024-01-08,新宿店,FS-002,エビ,魚介類,17.1,2500.0,14.1,3.0,42750.0,7500.0,0.1754,False,02_新宿店_cost_202401.csv
2024-01-08,新宿店,FS-004,アジ,魚介類,3.3,800.0,2.7,0.6,2640.0,480.0,0.1818,False,02_新宿店_cost_202401.csv
2024-01-08,新宿店,FS-001,鮭,魚介類,8.0,1500.0,5.9,2.1,12000.0,3150.0,0.2625,False,02_新宿店_cost_202401.csv
2024-01-08,新宿店,VG-004,トマト,野菜・果物,15.4,300.0,10.8,4.6,4620.0,1380.0,0.2987,False,02_新宿店_cost_202401.csv
2024-01-09,新宿店,FS-001,鮭,魚介類,17.4,1500.0,13.8,3.6,26100.0,5400.0,0.2069,False,02_新宿店_cost_202401.csv
2024-01-09,新宿店,VG-003,玉ねぎ,野菜・果物,12.8,150.0,9.3,3.5,1920.0,525.0,0.2734,False,02_新宿店_cost_202401.csv
2024-01-09,新宿店,MT-003,牛切り落とし,肉類,19.3,2000.0,18.3,1.0,38600.0,2000.0,0.0518,False,02_新宿店_cost_202401.csv
2024-01-09,新宿店,MT-004,鶏むね肉,肉類,7.6,600.0,6.6,1.0,4560.0,600.0,0.1316,False,02_新宿店_cost_202401.csv
2024-01-09,新宿店,DY-004,チーズ(kg),乳製品・卵,9.0,1800.0,7.4,1.6,16200.0,2880.0,0.1778,False,02_新宿店_cost_202401.csv
2024-01-10,新宿店,DY-001,牛乳(L),乳製品・卵,11.5,200.0,8.5,3.0,2300.0,600.0,0.2609,False,02_新宿店_cost_202401.csv
2024-01-10,新宿店,VG-001,キャベツ,野菜・果物,17.1,120.0,16.2,0.9,2052.0,108.0,0.0526,False,02_新宿店_cost_202401.csv
2024-01-10,新宿店,MT-001,鶏もも肉,肉類,17.1,800.0,16.2,0.9,13680.0,720.0,0.0526,False,02_新宿店_cost_202401.csv
2024-01-10,新宿店,FS-002,エビ,魚介類,10.1,2500.0,7.4,2.7,25250.0,6750.0,0.2673,False,02_新宿店_cost_202401.csv
2024-01-10,新宿店,SE-002,サラダ油(L),調味料・油,9.8,350.0,8.0,1.8,3430.0,630.0,0.1837,False,02_新宿店_cost_202401.csv
2024-01-11,新宿店,VG-003,玉ねぎ,野菜・果物,5.3,150.0,4.3,1.0,795.0,150.0,0.1887,False,02_新宿店_cost_202401.csv
2024-01-11,新宿店,FS-001,鮭,魚介類,7.3,1500.0,6.0,1.3,10950.0,1950.0,0.1781,False,02_新宿店_cost_202401.csv
2024-01-11,新宿店,FS-002,エビ,魚介類,10.9,2500.0,7.9,3.0,27250.0,7500.0,0.2752,False,02_新宿店_cost_202401.csv
2024-01-11,新宿店,MT-001,鶏もも肉,肉類,17.2,800.0,14.8,2.4,13760.0,1920.0,0.1395,False,02_新宿店_cost_202401.csv
2024-01-11,新宿店,FS-004,アジ,魚介類,14.1,800.0,11.2,2.9,11280.0,2320.0,0.2057,False,02_新宿店_cost_202401.csv
2024-01-12,新宿店,DY-002,バター(250g),乳製品・卵,11.7,450.0,9.2,2.5,5265.0,1125.0,0.2137,False,02_新宿店_cost_202401.csv
2024-01-12,新宿店,MT-002,豚バラ,肉類,10.7,1200.0,9.5,1.2,12840.0,1440.0,0.1121,False,02_新宿店_cost_202401.csv
2024-01-12,新宿店,MT-004,鶏むね肉,肉類,11.1,600.0,10.3,0.8,6660.0,480.0,0.0721,False,02_新宿店_cost_202401.csv
2024-01-12,新宿店,VG-002,にんじん,野菜・果物,17.3,180.0,13.6,3.7,3114.0,666.0,0.2139,False,02_新宿店_cost_202401.csv
2024-01-12,新宿店,FS-004,アジ,魚介類,11.6,800.0,8.4,3.2,9280.0,2560.0,0.2759,False,02_新宿店_cost_202401.csv
2024-01-15,新宿店,MT-003,牛切り落とし,肉類,18.5,2000.0,15.9,2.6,37000.0,5200.0,0.1405,False,02_新宿店_cost_202401.csv
2024-01-15,新宿店,MT-001,鶏もも肉,肉類,8.1,800.0,5.8,2.3,6480.0,1840.0,0.284,False,02_新宿店_cost_202401.csv
2024-01-15,新宿店,SE-001,醤油(L),調味料・油,10.1,400.0,7.8,2.3,4040.0,920.0,0.2277,False,02_新宿店_cost_202401.csv
2024-01-15,新宿店,SE-002,サラダ油(L),調味料・油,2.1,350.0,1.6,0.5,735.0,175.0,0.2381,False,02_新宿店_cost_202401.csv
2024-01-15,新宿店,MT-004,鶏むね肉,肉類,13.4,600.0,12.7,0.7,8040.0,420.0,0.0522,False,02_新宿店_cost_202401.csv
2024-01-16,新宿店,FS-003,イカ,魚介類,10.6,1200.0,9.4,1.2,12720.0,1440.0,0.1132,False,02_新宿店_cost_202401.csv
2024-01-16,新宿店,MT-002,豚バラ,肉類,15.0,1200.0,14.1,0.9,18000.0,1080.0,0.06,False,02_新宿店_cost_202401.csv
2024-01-16,新宿店,VG-002,にんじん,野菜・果物,17.6,180.0,12.8,4.8,3168.0,864.0,0.2727,False,02_新宿店_cost_202401.csv
2024-01-16,新宿店,SE-003,みりん(L),調味料・油,9.9,600.0,8.3,1.6,5940.0,960.0,0.1616,False,02_新宿店_cost_202401.csv
2024-01-16,新宿店,FS-001,鮭,魚介類,19.5,1500.0,18.4,1.1,29250.0,1650.0,0.0564,False,02_新宿店_cost_202401.csv
2024-01-17,新宿店,FS-003,イカ,魚介類,15.2,1200.0,13.5,1.7,18240.0,2040.0,0.1118,False,02_新宿店_cost_202401.csv
2024-01-17,新宿店,DY-004,チーズ(kg),乳製品・卵,4.2,1800.0,3.0,1.2,7560.0,2160.0,0.2857,False,02_新宿店_cost_202401.csv
2024-01-17,新宿店,DY-003,卵(10個),乳製品・卵,10.8,250.0,10.2,0.6,2700.0,150.0,0.0556,False,02_新宿店_cost_202401.csv
2024-01-17,新宿店,VG-001,キャベツ,野菜・果物,19.6,120.0,15.7,3.9,2352.0,468.0,0.199,False,02_新宿店_cost_202401.csv
2024-01-17,新宿店,FS-002,エビ,魚介類,3.5,2500.0,2.9,0.6,8750.0,1500.0,0.1714,False,02_新宿店_cost_202401.csv
2024-01-18,新宿店,DY-003,卵(10個),乳製品・卵,18.6,250.0,14.8,3.8,4650.0,950.0,0.2043,False,02_新宿店_cost_202401.csv
2024-01-18,新宿店,VG-001,キャベツ,野菜・果物,2.9,120.0,2.1,0.8,348.0,96.0,0.2759,False,02_新宿店_cost_202401.csv
2024-01-18,新宿店,DY-004,チーズ(kg),乳製品・卵,14.8,1800.0,13.2,1.6,26640.0,2880.0,0.1081,False,02_新宿店_cost_202401.csv
2024-01-18,新宿店,FS-003,イカ,魚介類,15.3,1200.0,12.5,2.8,18360.0,3360.0,0.183,False,02_新宿店_cost_202401.csv
2024-01-18,新宿店,SE-001,醤油(L),調味料・油,13.2,400.0,10.2,3.0,5280.0,1200.0,0.2273,False,02_新宿店_cost_202401.csv
2024-01-19,新宿店,SE-002,サラダ油(L),調味料・油,14.2,350.0,10.0,4.2,4970.0,1470.0,0.2958,False,02_新宿店_cost_202401.csv
2024-01-19,新宿店,FS-001,鮭,魚介類,18.1,1500.0,15.7,2.4,27150.0,3600.0,0.1326,False,02_新宿店_cost_202401.csv
2024-01-19,新宿店,SE-001,醤油(L),調味料・油,17.4,400.0,13.7,3.7,6960.0,1480.0,0.2126,False,02_新宿店_cost_202401.csv
2024-01-19,新宿店,DY-002,バター(250g),乳製品・卵,7.4,450.0,6.3,1.1,3330.0,495.0,0.1486,False,02_新宿店_cost_202401.csv
2024-01-19,新宿店,FS-004,アジ,魚介類,6.9,800.0,6.4,0.5,5520.0,400.0,0.0725,False,02_新宿店_cost_202401.csv
2024-01-22,新宿店,VG-003,玉ねぎ,野菜・果物,3.5,150.0,2.7,0.8,525.0,120.0,0.2286,False,02_新宿店_cost_202401.csv
2024-01-22,新宿店,DY-003,卵(10個),乳製品・卵,16.5,250.0,15.7,0.8,4125.0,200.0,0.0485,False,02_新宿店_cost_202401.csv
2024-01-22,新宿店,VG-003,玉ねぎ,野菜・果物,9.3,150.0,6.8,2.5,1395.0,375.0,0.2688,False,02_新宿店_cost_202401.csv
2024-01-22,新宿店,DY-003,卵(10個),乳製品・卵,20.0,250.0,17.5,2.5,5000.0,625.0,0.125,False,02_新宿店_cost_202401.csv
2024-01-22,新宿店,SE-003,みりん(L),調味料・油,9.1,600.0,8.5,0.6,5460.0,360.0,0.0659,False,02_新宿店_cost_202401.csv
2024-01-23,新宿店,SE-003,みりん(L),調味料・油,4.4,600.0,3.6,0.8,2640.0,480.0,0.1818,False,02_新宿店_cost_202401.csv
2024-01-23,新宿店,DY-002,バター(250g),乳製品・卵,2.3,450.0,1.9,0.4,1035.0,180.0,0.1739,False,02_新宿店_cost_202401.csv
2024-01-23,新宿店,MT-004,鶏むね肉,肉類,8.2,600.0,6.6,1.6,4920.0,960.0,0.1951,False,02_新宿店_cost_202401.csv
2024-01-23,新宿店,SE-002,サラダ油(L),調味料・油,15.5,350.0,12.9,2.6,5425.0,910.0,0.1677,False,02_新宿店_cost_202401.csv
2024-01-23,新宿店,DY-003,卵(10個),乳製品・卵,18.1,250.0,13.7,4.4,4525.0,1100.0,0.2431,False,02_新宿店_cost_202401.csv
2024-01-24,新宿店,SE-001,醤油(L),調味料・油,18.4,400.0,15.3,3.1,7360.0,1240.0,0.1685,False,02_新宿店_cost_202401.csv
2024-01-24,新宿店,FS-003,イカ,魚介類,12.6,1200.0,10.9,1.7,15120.0,2040.0,0.1349,False,02_新宿店_cost_202401.csv
2024-01-24,新宿店,MT-004,鶏むね肉,肉類,6.3,600.0,4.9,1.4,3780.0,840.0,0.2222,False,02_新宿店_cost_202401.csv
2024-01-24,新宿店,DY-003,卵(10個),乳製品・卵,17.7,250.0,13.6,4.1,4425.0,1025.0,0.2316,False,02_新宿店_cost_202401.csv
2024-01-24,新宿店,SE-004,塩(kg),調味料・油,16.3,200.0,14.6,1.7,3260.0,340.0,0.1043,False,02_新宿店_cost_202401.csv
2024-01-25,新宿店,SE-002,サラダ油(L),調味料・油,10.6,350.0,10.1,0.5,3710.0,175.0,0.0472,False,02_新宿店_cost_202401.csv
2024-01-25,新宿店,DY-004,チーズ(kg),乳製品・卵,16.7,1800.0,15.5,1.2,30060.0,2160.0,0.0719,False,02_新宿店_cost_202401.csv
2024-01-25,新宿店,MT-001,鶏もも肉,肉類,5.3,800.0,4.5,0.8,4240.0,640.0,0.1509,False,02_新宿店_cost_202401.csv
2024-01-25,新宿店,FS-003,イカ,魚介類,13.8,1200.0,13.0,0.8,16560.0,960.0,0.058,False,02_新宿店_cost_202401.csv
2024-01-25,新宿店,VG-002,にんじん,野菜・果物,9.8,180.0,6.9,2.9,1764.0,522.0,0.2959,False,02_新宿店_cost_202401.csv
2024-01-26,新宿店,FS-002,エビ,魚介類,3.9,2500.0,2.8,1.1,9750.0,2750.0,0.2821,False,02_新宿店_cost_202401.csv
2024-01-26,新宿店,MT-002,豚バラ,肉類,3.2,1200.0,2.6,0.6,3840.0,720.0,0.1875,False,02_新宿店_cost_202401.csv
2024-01-26,新宿店,VG-001,キャベツ,野菜・果物,7.6,120.0,5.4,2.2,912.0,264.0,0.2895,False,02_新宿店_cost_202401.csv
2024-01-26,新宿店,MT-004,鶏むね肉,肉類,8.9,600.0,6.4,2.5,5340.0,1500.0,0.2809,False,02_新宿店_cost_202401.csv
2024-01-26,新宿店,DY-001,牛乳(L),乳製品・卵,5.7,200.0,4.4,1.3,1140.0,260.0,0.2281,False,02_新宿店_cost_202401.csv
2024-01-29,新宿店,SE-004,塩(kg),調味料・油,9.5,200.0,6.7,2.8,1900.0,560.0,0.2947,False,02_新宿店_cost_202401.csv
2024-01-29,新宿店,DY-002,バター(250g),乳製品・卵,17.5,450.0,12.3,5.2,7875.0,2340.0,0.2971,False,02_新宿店_cost_202401.csv
2024-01-29,新宿店,SE-004,塩(kg),調味料・油,10.8,200.0,8.5,2.3,2160.0,460.0,0.213,False,02_新宿店_cost_202401.csv
2024-01-29,新宿店,SE-002,サラダ油(L),調味料・油,16.1,350.0,14.7,1.4,5635.0,490.0,0.087,False,02_新宿店_cost_202401.csv
2024-01-29,新宿店,MT-001,鶏もも肉,肉類,7.8,800.0,5.9,1.9,6240.0,1520.0,0.2436,False,02_新宿店_cost_202401.csv
2024-01-30,新宿店,VG-004,トマト,野菜・果物,14.3,300.0,10.8,3.5,4290.0,1050.0,0.2448,False,02_新宿店_cost_202401.csv
2024-01-30,新宿店,MT-002,豚バラ,肉類,18.7,1200.0,13.3,5.4,22440.0,6480.0,0.2888,False,02_新宿店_cost_202401.csv
2024-01-30,新宿店,DY-004,チーズ(kg),乳製品・卵,14.8,1800.0,12.3,2.5,26640.0,4500.0,0.1689,False,02_新宿店_cost_202401.csv
2024-01-30,新宿店,VG-005,レタス,野菜・果物,18.5,200.0,13.0,5.5,3700.0,1100.0,0.2973,False,02_新宿店_cost_202401.csv
2024-01-30,新宿店,MT-001,鶏もも肉,肉類,2.6,800.0,1.9,0.7,2080.0,560.0,0.2692,False,02_新宿店_cost_202401.csv
2024-01-31,新宿店,SE-002,サラダ油(L),調味料・油,6.3,350.0,5.3,1.0,2205.0,350.0,0.1587,False,02_新宿店_cost_202401.csv
2024-01-31,新宿店,SE-003,みりん(L),調味料・油,17.3,600.0,12.1,5.2,10380.0,3120.0,0.3006,False,02_新宿店_cost_202401.csv
2024-01-31,新宿店,SE-004,塩(kg),調味料・油,13.1,200.0,9.7,3.4,2620.0,680.0,0.2595,False,02_新宿店_cost_202401.csv
2024-01-31,新宿店,DY-004,チーズ(kg),乳製品・卵,17.4,1800.0,13.3,4.1,31320.0,7380.0,0.2356,False,02_新宿店_cost_202401.csv
2024-01-31,新宿店,MT-004,鶏むね肉,肉類,10.2,600.0,8.7,1.5,6120.0,900.0,0.1471,False,02_新宿店_cost_202401.csv
2024-01-01,池袋店,SE-003,みりん(L),調味料・油,8.5,600.0,7.7,0.8,5100.0,480.0,0.0941,False,03_池袋店_仕入_202401.csv
2024-01-01,池袋店,MT-003,牛切り落とし,肉類,16.4,2000.0,13.9,2.5,32800.0,5000.0,0.1524,False,03_池袋店_仕入_202401.csv
2024-01-01,池袋店,DY-004,チーズ(kg),乳製品・卵,9.5,1800.0,8.0,1.5,17100.0,2700.0,0.1579,False,03_池袋店_仕入_202401.csv
2024-01-01,池袋店,MT-003,牛切り落とし,肉類,8.2,2000.0,5.8,2.4,16400.0,4800.0,0.2927,False,03_池袋店_仕入_202401.csv
2024-01-01,池袋店,SE-001,醤油(L),調味料・油,15.1,400.0,13.2,1.9,6040.0,760.0,0.1258,False,03_池袋店_仕入_202401.csv
2024-01-02,池袋店,FS-002,エビ,魚介類,7.7,2500.0,7.1,0.6,19250.0,1500.0,0.0779,False,03_池袋店_仕入_202401.csv
2024-01-02,池袋店,FS-003,イカ,魚介類,4.3,1200.0,3.2,1.1,5160.0,1320.0,0.2558,False,03_池袋店_仕入_202401.csv
2024-01-02,池袋店,FS-001,鮭,魚介類,5.1,1500.0,4.2,0.9,7650.0,1350.0,0.1765,False,03_池袋店_仕入_202401.csv
2024-01-02,池袋店,MT-002,豚バラ,肉類,2.1,1200.0,1.5,0.6,2520.0,720.0,0.2857,False,03_池袋店_仕入_202401.csv
2024-01-02,池袋店,MT-004,鶏むね肉,肉類,12.5,600.0,9.1,3.4,7500.0,2040.0,0.272,False,03_池袋店_仕入_202401.csv
2024-01-03,池袋店,MT-002,豚バラ,肉類,17.8,1200.0,14.8,3.0,21360.0,3600.0,0.1685,False,03_池袋店_仕入_202401.csv
2024-01-03,池袋店,VG-004,トマト,野菜・果物,6.9,300.0,4.9,2.0,2070.0,600.0,0.2899,False,03_池袋店_仕入_202401.csv
2024-01-03,池袋店,SE-003,みりん(L),調味料・油,7.3,600.0,6.3,1.0,4380.0,600.0,0.137,False,03_池袋店_仕入_202401.csv
2024-01-03,池袋店,DY-004,チーズ(kg),乳製品・卵,2.3,1800.0,2.0,0.3,4140.0,540.0,0.1304,False,03_池袋店_仕入_202401.csv
2024-01-03,池袋店,SE-001,醤油(L),調味料・油,17.7,400.0,13.5,4.2,7080.0,1680.0,0.2373,False,03_池袋店_仕入_202401.csv
2024-01-04,池袋店,MT-004,鶏むね肉,肉類,12.0,600.0,9.6,2.4,7200.0,1440.0,0.2,False,03_池袋店_仕入_202401.csv
2024-01-04,池袋店,SE-001,醤油(L),調味料・油,15.1,400.0,12.7,2.4,6040.0,960.0,0.1589,False,03_池袋店_仕入_202401.csv
2024-01-04,池袋店,DY-004,チーズ(kg),乳製品・卵,19.7,1800.0,15.9,3.8,35460.0,6840.0,0.1929,False,03_池袋店_仕入_202401.csv
2024-01-04,池袋店,SE-001,醤油(L),調味料・油,2.2,400.0,2.0,0.2,880.0,80.0,0.0909,False,03_池袋店_仕入_202401.csv
2024-01-04,池袋店,FS-003,イカ,魚介類,9.3,1200.0,6.7,2.6,11160.0,3120.0,0.2796,False,03_池袋店_仕入_202401.csv
2024-01-05,池袋店,SE-004,塩(kg),調味料・油,9.1,200.0,7.9,1.2,1820.0,240.0,0.1319,False,03_池袋店_仕入_202401.csv
2024-01-05,池袋店,DY-002,バター(250g),乳製品・卵,19.3,450.0,14.4,4.9,8685.0,2205.0,0.2539,False,03_池袋店_仕入_202401.csv
2024-01-05,池袋店,SE-002,サラダ油(L),調味料・油,17.5,350.0,16.2,1.3,6125.0,455.0,0.0743,False,03_池袋店_仕入_202401.csv
2024-01-05,池袋店,FS-004,アジ,魚介類,10.5,800.0,9.3,1.2,8400.0,960.0,0.1143,False,03_池袋店_仕入_202401.csv
2024-01-05,池袋店,SE-001,醤油(L),調味料・油,8.8,400.0,7.3,1.5,3520.0,600.0,0.1705,False,03_池袋店_仕入_202401.csv
2024-01-08,池袋店,SE-003,みりん(L),調味料・油,15.2,600.0,13.6,1.6,9120.0,960.0,0.1053,False,03_池袋店_仕入_202401.csv
2024-01-08,池袋店,SE-002,サラダ油(L),調味料・油,3.9,350.0,3.6,0.3,1365.0,105.0,0.0769,False,03_池袋店_仕入_202401.csv
2024-01-08,池袋店,SE-002,サラダ油(L),調味料・油,16.4,350.0,11.9,4.5,5740.0,1575.0,0.2744,False,03_池袋店_仕入_202401.csv
2024-01-08,池袋店,DY-001,牛乳(L),乳製品・卵,15.4,200.0,10.9,4.5,3080.0,900.0,0.2922,False,03_池袋店_仕入_202401.csv
2024-01-08,池袋店,SE-001,醤油(L),調味料・油,8.8,400.0,7.7,1.1,3520.0,440.0,0.125,False,03_池袋店_仕入_202401.csv
2024-01-09,池袋店,VG-004,トマト,野菜・果物,9.1,300.0,7.1,2.0,2730.0,600.0,0.2198,False,03_池袋店_仕入_202401.csv
2024-01-09,池袋店,MT-004,鶏むね肉,肉類,12.5,600.0,10.0,2.5,7500.0,1500.0,0.2,False,03_池袋店_仕入_202401.csv
2024-01-09,池袋店,MT-001,鶏もも肉,肉類,18.8,800.0,15.4,3.4,15040.0,2720.0,0.1809,False,03_池袋店_仕入_202401.csv
2024-01-09,池袋店,FS-004,アジ,魚介類,8.8,800.0,7.0,1.8,7040.0,1440.0,0.2045,False,03_池袋店_仕入_202401.csv
2024-01-09,池袋店,FS-002,エビ,魚介類,4.9,2500.0,4.3,0.6,12250.0,1500.0,0.1224,False,03_池袋店_仕入_202401.csv
2024-01-10,池袋店,SE-003,みりん(L),調味料・油,19.2,600.0,14.1,5.1,11520.0,3060.0,0.2656,False,03_池袋店_仕入_202401.csv
2024-01-10,池袋店,FS-004,アジ,魚介類,17.9,800.0,13.8,4.1,14320.0,3280.0,0.2291,False,03_池袋店_仕入_202401.csv
2024-01-10,池袋店,FS-004,アジ,魚介類,5.3,800.0,4.4,0.9,4240.0,720.0,0.1698,False,03_池袋店_仕入_202401.csv
2024-01-10,池袋店,FS-001,鮭,魚介類,6.7,1500.0,4.8,1.9,10050.0,2850.0,0.2836,False,03_池袋店_仕入_202401.csv
2024-01-10,池袋店,SE-001,醤油(L),調味料・油,19.3,400.0,16.7,2.6,7720.0,1040.0,0.1347,False,03_池袋店_仕入_202401.csv
2024-01-11,池袋店,DY-001,牛乳(L),乳製品・卵,4.0,200.0,3.1,0.9,800.0,180.0,0.225,False,03_池袋店_仕入_202401.csv
2024-01-11,池袋店,FS-002,エビ,魚介類,15.8,2500.0,14.5,1.3,39500.0,3250.0,0.0823,False,03_池袋店_仕入_202401.csv
2024-01-11,池袋店,VG-001,キャベツ,野菜・果物,19.7,120.0,18.6,1.1,2364.0,132.0,0.0558,False,03_池袋店_仕入_202401.csv
2024-01-11,池袋店,VG-002,にんじん,野菜・果物,3.3,180.0,2.4,0.9,594.0,162.0,0.2727,False,03_池袋店_仕入_202401.csv
2024-01-11,池袋店,MT-001,鶏もも肉,肉類,12.0,800.0,8.7,3.3,9600.0,2640.0,0.275,False,03_池袋店_仕入_202401.csv
2024-01-12,池袋店,DY-002,バター(250g),乳製品・卵,13.1,450.0,10.9,2.2,5895.0,990.0,0.1679,False,03_池袋店_仕入_202401.csv
2024-01-12,池袋店,MT-002,豚バラ,肉類,6.6,1200.0,4.9,1.7,7920.0,2040.0,0.2576,False,03_池袋店_仕入_202401.csv
2024-01-12,池袋店,SE-001,醤油(L),調味料・油,12.5,400.0,11.0,1.5,5000.0,600.0,0.12,False,03_池袋店_仕入_202401.csv
2024-01-12,池袋店,DY-002,バター(250g),乳製品・卵,8.7,450.0,7.0,1.7,3915.0,765.0,0.1954,False,03_池袋店_仕入_202401.csv
2024-01-12,池袋店,SE-003,みりん(L),調味料・油,15.9,600.0,12.0,3.9,9540.0,2340.0,0.2453,False,03_池袋店_仕入_202401.csv
2024-01-15,池袋店,FS-002,エビ,魚介類,4.2,2500.0,3.9,0.3,10500.0,750.0,0.0714,False,03_池袋店_仕入_202401.csv
2024-01-15,池袋店,DY-001,牛乳(L),乳製品・卵,6.8,200.0,6.2,0.6,1360.0,120.0,0.0882,False,03_池袋店_仕入_202401.csv
2024-01-15,池袋店,MT-003,牛切り落とし,肉類,9.4,2000.0,7.6,1.8,18800.0,3600.0,0.1915,False,03_池袋店_仕入_202401.csv
2024-01-15,池袋店,VG-005,レタス,野菜・果物,14.8,200.0,13.5,1.3,2960.0,260.0,0.0878,False,03_池袋店_仕入_202401.csv
2024-01-15,池袋店,VG-003,玉ねぎ,野菜・果物,8.1,150.0,6.7,1.4,1215.0,210.0,0.1728,False,03_池袋店_仕入_202401.csv
2024-01-16,池袋店,DY-004,チーズ(kg),乳製品・卵,6.4,1800.0,4.7,1.7,11520.0,3060.0,0.2656,False,03_池袋店_仕入_202401.csv
2024-01-16,池袋店,SE-002,サラダ油(L),調味料・油,18.0,350.0,16.1,1.9,6300.0,665.0,0.1056,False,03_池袋店_仕入_202401.csv
2024-01-16,池袋店,VG-005,レタス,野菜・果物,10.8,200.0,9.0,1.8,2160.0,360.0,0.1667,False,03_池袋店_仕入_202401.csv
2024-01-16,池袋店,MT-001,鶏もも肉,肉類,9.8,800.0,7.2,2.6,7840.0,2080.0,0.2653,False,03_池袋店_仕入_202401.csv
2024-01-16,池袋店,FS-001,鮭,魚介類,19.1,1500.0,15.7,3.4,28650.0,5100.0,0.178,False,03_池袋店_仕入_202401.csv
2024-01-17,池袋店,DY-001,牛乳(L),乳製品・卵,4.9,200.0,4.1,0.8,980.0,160.0,0.1633,False,03_池袋店_仕入_202401.csv
2024-01-17,池袋店,FS-004,アジ,魚介類,6.6,800.0,4.7,1.9,5280.0,1520.0,0.2879,False,03_池袋店_仕入_202401.csv
2024-01-17,池袋店,FS-001,鮭,魚介類,18.5,1500.0,14.4,4.1,27750.0,6150.0,0.2216,False,03_池袋店_仕入_202401.csv
2024-01-17,池袋店,DY-003,卵(10個),乳製品・卵,10.4,250.0,8.3,2.1,2600.0,525.0,0.2019,False,03_池袋店_仕入_202401.csv
2024-01-17,池袋店,VG-004,トマト,野菜・果物,5.4,300.0,5.1,0.3,1620.0,90.0,0.0556,False,03_池袋店_仕入_202401.csv
2024-01-18,池袋店,SE-001,醤油(L),調味料・油,15.3,400.0,12.5,2.8,6120.0,1120.0,0.183,False,03_池袋店_仕入_202401.csv
2024-01-18,池袋店,SE-003,みりん(L),調味料・油,18.6,600.0,14.9,3.7,11160.0,2220.0,0.1989,False,03_池袋店_仕入_202401.csv
2024-01-18,池袋店,SE-002,サラダ油(L),調味料・油,16.3,350.0,13.9,2.4,5705.0,840.0,0.1472,False,03_池袋店_仕入_202401.csv
2024-01-18,池袋店,SE-002,サラダ油(L),調味料・油,16.3,350.0,12.3,4.0,5705.0,1400.0,0.2454,False,03_池袋店_仕入_202401.csv
2024-01-18,池袋店,DY-003,卵(10個),乳製品・卵,9.9,250.0,6.9,3.0,2475.0,750.0,0.303,False,03_池袋店_仕入_202401.csv
2024-01-19,池袋店,DY-004,チーズ(kg),乳製品・卵,7.1,1800.0,5.1,2.0,12780.0,3600.0,0.2817,False,03_池袋店_仕入_202401.csv
2024-01-19,池袋店,SE-004,塩(kg),調味料・油,4.3,200.0,3.2,1.1,860.0,220.0,0.2558,False,03_池袋店_仕入_202401.csv
2024-01-19,池袋店,DY-003,卵(10個),乳製品・卵,9.1,250.0,8.5,0.6,2275.0,150.0,0.0659,False,03_池袋店_仕入_202401.csv
2024-01-19,池袋店,FS-002,エビ,魚介類,15.1,2500.0,12.3,2.8,37750.0,7000.0,0.1854,False,03_池袋店_仕入_202401.csv
2024-01-19,池袋店,VG-003,玉ねぎ,野菜・果物,12.8,150.0,10.5,2.3,1920.0,345.0,0.1797,False,03_池袋店_仕入_202401.csv
2024-01-22,池袋店,SE-002,サラダ油(L),調味料・油,8.2,350.0,6.1,2.1,2870.0,735.0,0.2561,False,03_池袋店_仕入_202401.csv
2024-01-22,池袋店,SE-004,塩(kg),調味料・油,17.2,200.0,12.2,5.0,3440.0,1000.0,0.2907,False,03_池袋店_仕入_202401.csv
2024-01-22,池袋店,FS-001,鮭,魚介類,18.1,1500.0,16.1,2.0,27150.0,3000.0,0.1105,False,03_池袋店_仕入_202401.csv
2024-01-22,池袋店,SE-003,みりん(L),調味料・油,11.6,600.0,10.0,1.6,6960.0,960.0,0.1379,False,03_池袋店_仕入_202401.csv
2024-01-22,池袋店,MT-004,鶏むね肉,肉類,19.1,600.0,15.1,4.0,11460.0,2400.0,0.2094,False,03_池袋店_仕入_202401.csv
2024-01-23,池袋店,MT-003,牛切り落とし,肉類,9.3,2000.0,7.8,1.5,18600.0,3000.0,0.1613,False,03_池袋店_仕入_202401.csv
2024-01-23,池袋店,FS-003,イカ,魚介類,11.2,1200.0,10.4,0.8,13440.0,960.0,0.0714,False,03_池袋店_仕入_202401.csv
2024-01-23,池袋店,FS-003,イカ,魚介類,13.6,1200.0,10.7,2.9,16320.0,3480.0,0.2132,False,03_池袋店_仕入_202401.csv
2024-01-23,池袋店,DY-001,牛乳(L),乳製品・卵,9.9,200.0,7.4,2.5,1980.0,500.0,0.2525,False,03_池袋店_仕入_202401.csv
2024-01-23,池袋店,DY-002,バター(250g),乳製品・卵,13.8,450.0,11.1,2.7,6210.0,1215.0,0.1957,False,03_池袋店_仕入_202401.csv
2024-01-24,池袋店,VG-002,にんじん,野菜・果物,5.6,180.0,5.0,0.6,1008.0,108.0,0.1071,False,03_池袋店_仕入_202401.csv
2024-01-24,池袋店,SE-004,塩(kg),調味料・油,6.4,200.0,5.5,0.9,1280.0,180.0,0.1406,False,03_池袋店_仕入_202401.csv
2024-01-24,池袋店,DY-002,バター(250g),乳製品・卵,7.0,450.0,5.1,1.9,3150.0,855.0,0.2714,False,03_池袋店_仕入_202401.csv
2024-01-24,池袋店,SE-004,塩(kg),調味料・油,14.1,200.0,13.1,1.0,2820.0,200.0,0.0709,False,03_池袋店_仕入_202401.csv
2024-01-24,池袋店,SE-001,醤油(L),調味料・油,11.8,400.0,10.3,1.5,4720.0,600.0,0.1271,False,03_池袋店_仕入_202401.csv
2024-01-25,池袋店,VG-003,玉ねぎ,野菜・果物,13.0,150.0,9.9,3.1,1950.0,465.0,0.2385,False,03_池袋店_仕入_202401.csv
2024-01-25,池袋店,MT-004,鶏むね肉,肉類,7.8,600.0,7.4,0.4,4680.0,240.0,0.0513,False,03_池袋店_仕入_202401.csv
2024-01-25,池袋店,MT-003,牛切り落とし,肉類,14.3,2000.0,10.1,4.2,28600.0,8400.0,0.2937,False,03_池袋店_仕入_202401.csv
2024-01-25,池袋店,DY-003,卵(10個),乳製品・卵,17.8,250.0,15.2,2.6,4450.0,650.0,0.1461,False,03_池袋店_仕入_202401.csv
2024-01-25,池袋店,SE-003,みりん(L),調味料・油,18.8,600.0,17.2,1.6,11280.0,960.0,0.0851,False,03_池袋店_仕入_202401.csv
2024-01-26,池袋店,SE-003,みりん(L),調味料・油,11.8,600.0,9.7,2.1,7080.0,1260.0,0.178,False,03_池袋店_仕入_202401.csv
2024-01-26,池袋店,FS-004,アジ,魚介類,8.0,800.0,6.1,1.9,6400.0,1520.0,0.2375,False,03_池袋店_仕入_202401.csv
2024-01-26,池袋店,FS-003,イカ,魚介類,18.6,1200.0,16.9,1.7,22320.0,2040.0,0.0914,False,03_池袋店_仕入_202401.csv
2024-01-26,池袋店,FS-002,エビ,魚介類,15.4,2500.0,13.7,1.7,38500.0,4250.0,0.1104,False,03_池袋店_仕入_202401.csv
2024-01-26,池袋店,VG-002,にんじん,野菜・果物,10.7,180.0,8.7,2.0,1926.0,360.0,0.1869,False,03_池袋店_仕入_202401.csv
2024-01-29,池袋店,FS-001,鮭,魚介類,13.6,1500.0,10.5,3.1,20400.0,4650.0,0.2279,False,03_池袋店_仕入_202401.csv
2024-01-29,池袋店,DY-002,バター(250g),乳製品・卵,12.5,450.0,10.0,2.5,5625.0,1125.0,0.2,False,03_池袋店_仕入_202401.csv
2024-01-29,池袋店,MT-002,豚バラ,肉類,16.7,1200.0,15.3,1.4,20040.0,1680.0,0.0838,False,03_池袋店_仕入_202401.csv
2024-01-29,池袋店,SE-003,みりん(L),調味料・油,2.1,600.0,1.6,0.5,1260.0,300.0,0.2381,False,03_池袋店_仕入_202401.csv
2024-01-29,池袋店,DY-003,卵(10個),乳製品・卵,17.1,250.0,12.6,4.5,4275.0,1125.0,0.2632,False,03_池袋店_仕入_202401.csv
2024-01-30,池袋店,VG-002,にんじん,野菜・果物,4.1,180.0,3.3,0.8,738.0,144.0,0.1951,False,03_池袋店_仕入_202401.csv
2024-01-30,池袋店,FS-002,エビ,魚介類,5.5,2500.0,4.1,1.4,13750.0,3500.0,0.2545,False,03_池袋店_仕入_202401.csv
2024-01-30,池袋店,FS-002,エビ,魚介類,13.2,2500.0,12.3,0.9,33000.0,2250.0,0.0682,False,03_池袋店_仕入_202401.csv
2024-01-30,池袋店,FS-001,鮭,魚介類,3.3,1500.0,2.4,0.9,4950.0,1350.0,0.2727,False,03_池袋店_仕入_202401.csv
2024-01-30,池袋店,DY-002,バター(250g),乳製品・卵,6.9,450.0,6.4,0.5,3105.0,225.0,0.0725,False,03_池袋店_仕入_202401.csv
2024-01-31,池袋店,FS-001,鮭,魚介類,4.0,1500.0,3.6,0.4,6000.0,600.0,0.1,False,03_池袋店_仕入_202401.csv
2024-01-31,池袋店,VG-005,レタス,野菜・果物,9.6,200.0,8.0,1.6,1920.0,320.0,0.1667,False,03_池袋店_仕入_202401.csv
2024-01-31,池袋店,FS-002,エビ,魚介類,14.4,2500.0,12.4,2.0,36000.0,5000.0,0.1389,False,03_池袋店_仕入_202401.csv
2024-01-31,池袋店,SE-001,醤油(L),調味料・油,20.0,400.0,14.8,5.2,8000.0,2080.0,0.26,False,03_池袋店_仕入_202401.csv
2024-01-31,池袋店,VG-005,レタス,野菜・果物,19.6,200.0,15.3,4.3,3920.0,860.0,0.2194,False,03_池袋店_仕入_202401.csv
2024-01-01,品川店,FS-004,アジ,魚介類,9.6,800.0,6.8,2.8,7680.0,2240.0,0.2917,False,04_品川店_仕入_202401.csv
2024-01-01,品川店,SE-004,塩(kg),調味料・油,8.4,200.0,7.5,0.9,1680.0,180.0,0.1071,False,04_品川店_仕入_202401.csv
2024-01-01,品川店,FS-002,エビ,魚介類,16.8,2500.0,13.5,3.3,42000.0,8250.0,0.1964,False,04_品川店_仕入_202401.csv
2024-01-01,品川店,VG-003,玉ねぎ,野菜・果物,15.5,150.0,14.0,1.5,2325.0,225.0,0.0968,False,04_品川店_仕入_202401.csv
2024-01-02,品川店,SE-001,醤油(L),調味料・油,18.1,400.0,13.3,4.8,7240.0,1920.0,0.2652,False,04_品川店_仕入_202401.csv
2024-01-02,品川店,VG-004,トマト,野菜・果物,3.7,300.0,2.7,1.0,1110.0,300.0,0.2703,False,04_品川店_仕入_202401.csv
2024-01-02,品川店,SE-001,醤油(L),調味料・油,3.2,400.0,2.5,0.7,1280.0,280.0,0.2187,False,04_品川店_仕入_202401.csv
2024-01-02,品川店,DY-001,牛乳(L),乳製品・卵,15.9,200.0,11.3,4.6,3180.0,920.0,0.2893,False,04_品川店_仕入_202401.csv
2024-01-03,品川店,MT-002,豚バラ,肉類,16.8,1200.0,12.5,4.3,20160.0,5160.0,0.256,False,04_品川店_仕入_202401.csv
2024-01-03,品川店,DY-003,卵(10個),乳製品・卵,17.5,250.0,15.9,1.6,4375.0,400.0,0.0914,False,04_品川店_仕入_202401.csv
2024-01-03,品川店,VG-002,にんじん,野菜・果物,16.7,180.0,12.1,4.6,3006.0,828.0,0.2754,False,04_品川店_仕入_202401.csv
2024-01-03,品川店,VG-005,レタス,野菜・果物,15.3,200.0,11.7,3.6,3060.0,720.0,0.2353,False,04_品川店_仕入_202401.csv
2024-01-04,品川店,SE-002,サラダ油(L),調味料・油,11.1,350.0,9.9,1.2,3885.0,420.0,0.1081,False,04_品川店_仕入_202401.csv
2024-01-04,品川店,DY-004,チーズ(kg),乳製品・卵,8.6,1800.0,6.5,2.1,15480.0,3780.0,0.2442,False,04_品川店_仕入_202401.csv
2024-01-04,品川店,SE-004,塩(kg),調味料・油,15.5,200.0,12.8,2.7,3100.0,540.0,0.1742,False,04_品川店_仕入_202401.csv
2024-01-04,品川店,FS-004,アジ,魚介類,5.2,800.0,4.7,0.5,4160.0,400.0,0.0962,False,04_品川店_仕入_202401.csv
2024-01-05,品川店,FS-001,鮭,魚介類,19.8,1500.0,14.5,5.3,29700.0,7950.0,0.2677,False,04_品川店_仕入_202401.csv
2024-01-05,品川店,DY-001,牛乳(L),乳製品・卵,10.1,200.0,8.1,2.0,2020.0,400.0,0.198,False,04_品川店_仕入_202401.csv
2024-01-05,品川店,MT-002,豚バラ,肉類,19.6,1200.0,18.0,1.6,23520.0,1920.0,0.0816,False,04_品川店_仕入_202401.csv
2024-01-05,品川店,FS-001,鮭,魚介類,6.0,1500.0,5.2,0.8,9000.0,1200.0,0.1333,False,04_品川店_仕入_202401.csv
2024-01-08,品川店,MT-002,豚バラ,肉類,15.2,1200.0,12.8,2.4,18240.0,2880.0,0.1579,False,04_品川店_仕入_202401.csv
2024-01-08,品川店,MT-001,鶏もも肉,肉類,16.9,800.0,14.2,2.7,13520.0,2160.0,0.1598,False,04_品川店_仕入_202401.csv
2024-01-08,品川店,MT-001,鶏もも肉,肉類,12.8,800.0,10.5,2.3,10240.0,1840.0,0.1797,False,04_品川店_仕入_202401.csv
2024-01-08,品川店,SE-004,塩(kg),調味料・油,9.5,200.0,8.5,1.0,1900.0,200.0,0.1053,False,04_品川店_仕入_202401.csv
2024-01-09,品川店,DY-004,チーズ(kg),乳製品・卵,12.1,1800.0,9.6,2.5,21780.0,4500.0,0.2066,False,04_品川店_仕入_202401.csv
2024-01-09,品川店,FS-001,鮭,魚介類,11.4,1500.0,8.9,2.5,17100.0,3750.0,0.2193,False,04_品川店_仕入_202401.csv
2024-01-09,品川店,MT-003,牛切り落とし,肉類,14.2,2000.0,11.6,2.6,28400.0,5200.0,0.1831,False,04_品川店_仕入_202401.csv
2024-01-09,品川店,FS-004,アジ,魚介類,18.1,800.0,15.6,2.5,14480.0,2000.0,0.1381,False,04_品川店_仕入_202401.csv
2024-01-10,品川店,VG-002,にんじん,野菜・果物,18.0,180.0,14.7,3.3,3240.0,594.0,0.1833,False,04_品川店_仕入_202401.csv
2024-01-10,品川店,FS-002,エビ,魚介類,18.8,2500.0,13.4,5.4,47000.0,13500.0,0.2872,False,04_品川店_仕入_202401.csv
2024-01-10,品川店,SE-001,醤油(L),調味料・油,12.5,400.0,9.4,3.1,5000.0,1240.0,0.248,False,04_品川店_仕入_202401.csv
2024-01-10,品川店,DY-002,バター(250g),乳製品・卵,5.9,450.0,4.3,1.6,2655.0,720.0,0.2712,False,04_品川店_仕入_202401.csv
2024-01-11,品川店,MT-003,牛切り落とし,肉類,9.6,2000.0,7.1,2.5,19200.0,5000.0,0.2604,False,04_品川店_仕入_202401.csv
2024-01-11,品川店,MT-001,鶏もも肉,肉類,17.5,800.0,13.7,3.8,14000.0,3040.0,0.2171,False,04_品川店_仕入_202401.csv
2024-01-11,品川店,VG-002,にんじん,野菜・果物,3.0,180.0,2.4,0.6,540.0,108.0,0.2,False,04_品川店_仕入_202401.csv
2024-01-11,品川店,FS-003,イカ,魚介類,13.0,1200.0,9.8,3.2,15600.0,3840.0,0.2462,False,04_品川店_仕入_202401.csv
2024-01-12,品川店,SE-001,醤油(L),調味料・油,18.7,400.0,13.6,5.1,7480.0,2040.0,0.2727,False,04_品川店_仕入_202401.csv
2024-01-12,品川店,SE-003,みりん(L),調味料・油,4.1,600.0,3.5,0.6,2460.0,360.0,0.1463,False,04_品川店_仕入_202401.csv
2024-01-12,品川店,SE-003,みりん(L),調味料・油,17.3,600.0,15.4,1.9,10380.0,1140.0,0.1098,False,04_品川店_仕入_202401.csv
2024-01-12,品川店,DY-004,チーズ(kg),乳製品・卵,11.5,1800.0,9.1,2.4,20700.0,4320.0,0.2087,False,04_品川店_仕入_202401.csv
2024-01-15,品川店,SE-001,醤油(L),調味料・油,7.8,400.0,7.3,0.5,3120.0,200.0,0.0641,False,04_品川店_仕入_202401.csv
2024-01-15,品川店,DY-001,牛乳(L),乳製品・卵,16.5,200.0,12.3,4.2,3300.0,840.0,0.2545,False,04_品川店_仕入_202401.csv
2024-01-15,品川店,SE-003,みりん(L),調味料・油,11.0,600.0,9.1,1.9,6600.0,1140.0,0.1727,False,04_品川店_仕入_202401.csv
2024-01-15,品川店,DY-003,卵(10個),乳製品・卵,8.9,250.0,7.1,1.8,2225.0,450.0,0.2022,False,04_品川店_仕入_202401.csv
2024-01-16,品川店,VG-001,キャベツ,野菜・果物,4.3,120.0,3.4,0.9,516.0,108.0,0.2093,False,04_品川店_仕入_202401.csv
2024-01-16,品川店,MT-001,鶏もも肉,肉類,3.9,800.0,3.6,0.3,3120.0,240.0,0.0769,False,04_品川店_仕入_202401.csv
2024-01-16,品川店,FS-001,鮭,魚介類,8.5,1500.0,6.8,1.7,12750.0,2550.0,0.2,False,04_品川店_仕入_202401.csv
2024-01-16,品川店,MT-004,鶏むね肉,肉類,13.4,600.0,12.5,0.9,8040.0,540.0,0.0672,False,04_品川店_仕入_202401.csv
2024-01-17,品川店,DY-004,チーズ(kg),乳製品・卵,9.0,1800.0,7.0,2.0,16200.0,3600.0,0.2222,False,04_品川店_仕入_202401.csv
2024-01-17,品川店,FS-002,エビ,魚介類,12.2,2500.0,9.9,2.3,30500.0,5750.0,0.1885,False,04_品川店_仕入_202401.csv
2024-01-17,品川店,DY-004,チーズ(kg),乳製品・卵,12.0,1800.0,9.4,2.6,21600.0,4680.0,0.2167,False,04_品川店_仕入_202401.csv
2024-01-17,品川店,SE-001,醤油(L),調味料・油,8.8,400.0,6.4,2.4,3520.0,960.0,0.2727,False,04_品川店_仕入_202401.csv
2024-01-18,品川店,SE-003,みりん(L),調味料・油,15.0,600.0,12.0,3.0,9000.0,1800.0,0.2,False,04_品川店_仕入_202401.csv
2024-01-18,品川店,SE-003,みりん(L),調味料・油,12.1,600.0,10.8,1.3,7260.0,780.0,0.1074,False,04_品川店_仕入_202401.csv
2024-01-18,品川店,FS-001,鮭,魚介類,16.9,1500.0,15.7,1.2,25350.0,1800.0,0.071,False,04_品川店_仕入_202401.csv
2024-01-18,品川店,MT-003,牛切り落とし,肉類,14.0,2000.0,10.0,4.0,28000.0,8000.0,0.2857,False,04_品川店_仕入_202401.csv
2024-01-19,品川店,SE-004,塩(kg),調味料・油,9.1,200.0,8.5,0.6,1820.0,120.0,0.0659,False,04_品川店_仕入_202401.csv
2024-01-19,品川店,FS-004,アジ,魚介類,2.1,800.0,1.5,0.6,1680.0,480.0,0.2857,False,04_品川店_仕入_202401.csv
2024-01-19,品川店,DY-001,牛乳(L),乳製品・卵,12.1,200.0,8.6,3.5,2420.0,700.0,0.2893,False,04_品川店_仕入_202401.csv
2024-01-19,品川店,SE-001,醤油(L),調味料・油,17.3,400.0,14.3,3.0,6920.0,1200.0,0.1734,False,04_品川店_仕入_202401.csv
2024-01-22,品川店,FS-003,イカ,魚介類,2.1,1200.0,1.9,0.2,2520.0,240.0,0.0952,False,04_品川店_仕入_202401.csv
2024-01-22,品川店,FS-001,鮭,魚介類,17.8,1500.0,14.1,3.7,26700.0,5550.0,0.2079,False,04_品川店_仕入_202401.csv
2024-01-22,品川店,SE-001,醤油(L),調味料・油,6.9,400.0,5.1,1.8,2760.0,720.0,0.2609,False,04_品川店_仕入_202401.csv
2024-01-22,品川店,DY-004,チーズ(kg),乳製品・卵,10.9,1800.0,9.1,1.8,19620.0,3240.0,0.1651,False,04_品川店_仕入_202401.csv
2024-01-23,品川店,SE-001,醤油(L),調味料・油,19.3,400.0,17.6,1.7,7720.0,680.0,0.0881,False,04_品川店_仕入_202401.csv
2024-01-23,品川店,MT-003,牛切り落とし,肉類,12.7,2000.0,11.7,1.0,25400.0,2000.0,0.0787,False,04_品川店_仕入_202401.csv
2024-01-23,品川店,DY-004,チーズ(kg),乳製品・卵,3.8,1800.0,3.4,0.4,6840.0,720.0,0.1053,False,04_品川店_仕入_202401.csv
2024-01-23,品川店,SE-001,醤油(L),調味料・油,12.2,400.0,11.5,0.7,4880.0,280.0,0.0574,False,04_品川店_仕入_202401.csv
2024-01-24,品川店,MT-003,牛切り落とし,肉類,9.6,2000.0,7.6,2.0,19200.0,4000.0,0.2083,False,04_品川店_仕入_202401.csv
2024-01-24,品川店,DY-002,バター(250g),乳製品・卵,4.1,450.0,3.7,0.4,1845.0,180.0,0.0976,False,04_品川店_仕入_202401.csv
2024-01-24,品川店,FS-004,アジ,魚介類,7.1,800.0,5.5,1.6,5680.0,1280.0,0.2254,False,04_品川店_仕入_202401.csv
2024-01-24,品川店,SE-001,醤油(L),調味料・油,2.4,400.0,2.0,0.4,960.0,160.0,0.1667,False,04_品川店_仕入_202401.csv
2024-01-25,品川店,VG-005,レタス,野菜・果物,14.4,200.0,10.7,3.7,2880.0,740.0,0.2569,False,04_品川店_仕入_202401.csv
2024-01-25,品川店,MT-002,豚バラ,肉類,8.8,1200.0,6.9,1.9,10560.0,2280.0,0.2159,False,04_品川店_仕入_202401.csv
2024-01-25,品川店,FS-001,鮭,魚介類,11.4,1500.0,8.6,2.8,17100.0,4200.0,0.2456,False,04_品川店_仕入_202401.csv
2024-01-25,品川店,DY-004,チーズ(kg),乳製品・卵,5.4,1800.0,3.8,1.6,9720.0,2880.0,0.2963,False,04_品川店_仕入_202401.csv
2024-01-26,品川店,VG-002,にんじん,野菜・果物,9.3,180.0,8.4,0.9,1674.0,162.0,0.0968,False,04_品川店_仕入_202401.csv
2024-01-26,品川店,VG-004,トマト,野菜・果物,3.5,300.0,3.0,0.5,1050.0,150.0,0.1429,False,04_品川店_仕入_202401.csv
2024-01-26,品川店,VG-002,にんじん,野菜・果物,13.4,180.0,10.8,2.6,2412.0,468.0,0.194,False,04_品川店_仕入_202401.csv
2024-01-26,品川店,SE-003,みりん(L),調味料・油,2.6,600.0,2.2,0.4,1560.0,240.0,0.1538,False,04_品川店_仕入_202401.csv
2024-01-29,品川店,DY-003,卵(10個),乳製品・卵,19.3,250.0,13.7,5.6,4825.0,1400.0,0.2902,False,04_品川店_仕入_202401.csv
2024-01-29,品川店,SE-004,塩(kg),調味料・油,7.4,200.0,5.3,2.1,1480.0,420.0,0.2838,False,04_品川店_仕入_202401.csv
2024-01-29,品川店,SE-002,サラダ油(L),調味料・油,17.1,350.0,12.4,4.7,5985.0,1645.0,0.2749,False,04_品川店_仕入_202401.csv
2024-01-29,品川店,SE-002,サラダ油(L),調味料・油,4.8,350.0,4.0,0.8,1680.0,280.0,0.1667,False,04_品川店_仕入_202401.csv
2024-01-30,品川店,SE-002,サラダ油(L),調味料・油,12.2,350.0,9.8,2.4,4270.0,840.0,0.1967,False,04_品川店_仕入_202401.csv
2024-01-30,品川店,DY-002,バター(250g),乳製品・卵,3.1,450.0,2.9,0.2,1395.0,90.0,0.0645,False,04_品川店_仕入_202401.csv
2024-01-30,品川店,VG-003,玉ねぎ,野菜・果物,5.4,150.0,4.2,1.2,810.0,180.0,0.2222,False,04_品川店_仕入_202401.csv
2024-01-30,品川店,SE-003,みりん(L),調味料・油,3.7,600.0,3.4,0.3,2220.0,180.0,0.0811,False,04_品川店_仕入_202401.csv
2024-01-31,品川店,DY-003,卵(10個),乳製品・卵,16.9,250.0,16.0,0.9,4225.0,225.0,0.0533,False,04_品川店_仕入_202401.csv
2024-01-31,品川店,VG-003,玉ねぎ,野菜・果物,19.0,150.0,13.9,5.1,2850.0,765.0,0.2684,False,04_品川店_仕入_202401.csv
2024-01-31,品川店,FS-004,アジ,魚介類,11.8,800.0,9.9,1.9,9440.0,1520.0,0.161,False,04_品川店_仕入_202401.csv
2024-01-31,品川店,MT-004,鶏むね肉,肉類,19.5,600.0,17.1,2.4,11700.0,1440.0,0.1231,False,04_品川店_仕入_202401.csv
2024-01-01,上野店,DY-004,チーズ(kg),乳製品・卵,10.2,1800.0,8.1,2.1,18360.0,3780.0,0.2059,False,05_上野店_仕入_202401.csv
2024-01-01,上野店,FS-003,イカ,魚介類,9.0,1200.0,6.6,2.4,10800.0,2880.0,0.2667,False,05_上野店_仕入_202401.csv
2024-01-01,上野店,DY-004,チーズ(kg),乳製品・卵,10.0,1800.0,9.3,0.7,18000.0,1260.0,0.07,False,05_上野店_仕入_202401.csv
2024-01-01,上野店,SE-003,みりん(L),調味料・油,2.6,600.0,1.9,0.7,1560.0,420.0,0.2692,False,05_上野店_仕入_202401.csv
2024-01-02,上野店,MT-002,豚バラ,肉類,19.6,1200.0,14.8,4.8,23520.0,5760.0,0.2449,False,05_上野店_仕入_202401.csv
2024-01-02,上野店,DY-004,チーズ(kg),乳製品・卵,18.9,1800.0,17.8,1.1,34020.0,1980.0,0.0582,False,05_上野店_仕入_202401.csv
2024-01-02,上野店,MT-004,鶏むね肉,肉類,2.9,600.0,2.4,0.5,1740.0,300.0,0.1724,False,05_上野店_仕入_202401.csv
2024-01-02,上野店,VG-003,玉ねぎ,野菜・果物,12.2,150.0,11.3,0.9,1830.0,135.0,0.0738,False,05_上野店_仕入_202401.csv
2024-01-03,上野店,SE-004,塩(kg),調味料・油,13.3,200.0,10.0,3.3,2660.0,660.0,0.2481,False,05_上野店_仕入_202401.csv
2024-01-03,上野店,SE-002,サラダ油(L),調味料・油,13.1,350.0,12.0,1.1,4585.0,385.0,0.084,False,05_上野店_仕入_202401.csv
2024-01-03,上野店,SE-001,醤油(L),調味料・油,8.3,400.0,6.0,2.3,3320.0,920.0,0.2771,False,05_上野店_仕入_202401.csv
2024-01-03,上野店,MT-003,牛切り落とし,肉類,9.9,2000.0,9.3,0.6,19800.0,1200.0,0.0606,False,05_上野店_仕入_202401.csv
2024-01-04,上野店,VG-004,トマト,野菜・果物,15.9,300.0,13.3,2.6,4770.0,780.0,0.1635,False,05_上野店_仕入_202401.csv
2024-01-04,上野店,VG-005,レタス,野菜・果物,7.8,200.0,6.7,1.1,1560.0,220.0,0.141,False,05_上野店_仕入_202401.csv
2024-01-04,上野店,SE-001,醤油(L),調味料・油,9.8,400.0,7.4,2.4,3920.0,960.0,0.2449,False,05_上野店_仕入_202401.csv
2024-01-04,上野店,MT-004,鶏むね肉,肉類,5.0,600.0,4.7,0.3,3000.0,180.0,0.06,False,05_上野店_仕入_202401.csv
2024-01-05,上野店,MT-001,鶏もも肉,肉類,3.9,800.0,3.2,0.7,3120.0,560.0,0.1795,False,05_上野店_仕入_202401.csv
2024-01-05,上野店,SE-003,みりん(L),調味料・油,11.1,600.0,9.0,2.1,6660.0,1260.0,0.1892,False,05_上野店_仕入_202401.csv
2024-01-05,上野店,FS-004,アジ,魚介類,10.8,800.0,8.9,1.9,8640.0,1520.0,0.1759,False,05_上野店_仕入_202401.csv
2024-01-05,上野店,VG-003,玉ねぎ,野菜・果物,3.2,150.0,2.7,0.5,480.0,75.0,0.1562,False,05_上野店_仕入_202401.csv
2024-01-08,上野店,DY-004,チーズ(kg),乳製品・卵,13.5,1800.0,9.6,3.9,24300.0,7020.0,0.2889,False,05_上野店_仕入_202401.csv
2024-01-08,上野店,FS-004,アジ,魚介類,10.4,800.0,9.6,0.8,8320.0,640.0,0.0769,False,05_上野店_仕入_202401.csv
2024-01-08,上野店,DY-001,牛乳(L),乳製品・卵,3.1,200.0,2.8,0.3,620.0,60.0,0.0968,False,05_上野店_仕入_202401.csv
2024-01-08,上野店,DY-001,牛乳(L),乳製品・卵,16.1,200.0,13.0,3.1,3220.0,620.0,0.1925,False,05_上野店_仕入_202401.csv
2024-01-09,上野店,MT-003,牛切り落とし,肉類,17.4,2000.0,14.9,2.5,34800.0,5000.0,0.1437,False,05_上野店_仕入_202401.csv
2024-01-09,上野店,MT-001,鶏もも肉,肉類,13.9,800.0,12.1,1.8,11120.0,1440.0,0.1295,False,05_上野店_仕入_202401.csv
2024-01-09,上野店,SE-001,醤油(L),調味料・油,8.7,400.0,7.0,1.7,3480.0,680.0,0.1954,False,05_上野店_仕入_202401.csv
2024-01-09,上野店,VG-004,トマト,野菜・果物,11.1,300.0,9.8,1.3,3330.0,390.0,0.1171,False,05_上野店_仕入_202401.csv
2024-01-10,上野店,MT-003,牛切り落とし,肉類,5.9,2000.0,5.2,0.7,11800.0,1400.0,0.1186,False,05_上野店_仕入_202401.csv
2024-01-10,上野店,VG-001,キャベツ,野菜・果物,5.6,120.0,4.8,0.8,672.0,96.0,0.1429,False,05_上野店_仕入_202401.csv
2024-01-10,上野店,FS-001,鮭,魚介類,18.1,1500.0,13.9,4.2,27150.0,6300.0,0.232,False,05_上野店_仕入_202401.csv
2024-01-10,上野店,FS-003,イカ,魚介類,19.2,1200.0,14.2,5.0,23040.0,6000.0,0.2604,False,05_上野店_仕入_202401.csv
2024-01-11,上野店,FS-004,アジ,魚介類,7.2,800.0,6.0,1.2,5760.0,960.0,0.1667,False,05_上野店_仕入_202401.csv
2024-01-11,上野店,MT-002,豚バラ,肉類,15.7,1200.0,13.8,1.9,18840.0,2280.0,0.121,False,05_上野店_仕入_202401.csv
2024-01-11,上野店,DY-004,チーズ(kg),乳製品・卵,8.4,1800.0,6.9,1.5,15120.0,2700.0,0.1786,False,05_上野店_仕入_202401.csv
2024-01-11,上野店,DY-002,バター(250g),乳製品・卵,6.9,450.0,5.4,1.5,3105.0,675.0,0.2174,False,05_上野店_仕入_202401.csv
2024-01-12,上野店,MT-002,豚バラ,肉類,11.9,1200.0,9.3,2.6,14280.0,3120.0,0.2185,False,05_上野店_仕入_202401.csv
2024-01-12,上野店,VG-005,レタス,野菜・果物,16.1,200.0,14.3,1.8,3220.0,360.0,0.1118,False,05_上野店_仕入_202401.csv
2024-01-12,上野店,SE-002,サラダ油(L),調味料・油,10.1,350.0,9.1,1.0,3535.0,350.0,0.099,False,05_上野店_仕入_202401.csv
2024-01-12,上野店,SE-002,サラダ油(L),調味料・油,8.5,350.0,6.3,2.2,2975.0,770.0,0.2588,False,05_上野店_仕入_202401.csv
2024-01-15,上野店,MT-004,鶏むね肉,肉類,9.1,600.0,6.9,2.2,5460.0,1320.0,0.2418,False,05_上野店_仕入_202401.csv
2024-01-15,上野店,FS-004,アジ,魚介類,7.6,800.0,5.8,1.8,6080.0,1440.0,0.2368,False,05_上野店_仕入_202401.csv
2024-01-15,上野店,FS-001,鮭,魚介類,9.9,1500.0,7.7,2.2,14850.0,3300.0,0.2222,False,05_上野店_仕入_202401.csv
2024-01-15,上野店,SE-003,みりん(L),調味料・油,6.2,600.0,5.5,0.7,3720.0,420.0,0.1129,False,05_上野店_仕入_202401.csv
2024-01-16,上野店,DY-002,バター(250g),乳製品・卵,11.0,450.0,9.5,1.5,4950.0,675.0,0.1364,False,05_上野店_仕入_202401.csv
2024-01-16,上野店,VG-004,トマト,野菜・果物,20.0,300.0,17.1,2.9,6000.0,870.0,0.145,False,05_上野店_仕入_202401.csv
2024-01-16,上野店,FS-003,イカ,魚介類,18.4,1200.0,16.5,1.9,22080.0,2280.0,0.1033,False,05_上野店_仕入_202401.csv
2024-01-16,上野店,SE-003,みりん(L),調味料・油,3.5,600.0,2.5,1.0,2100.0,600.0,0.2857,False,05_上野店_仕入_202401.csv
2024-01-17,上野店,SE-003,みりん(L),調味料・油,10.9,600.0,8.7,2.2,6540.0,1320.0,0.2018,False,05_上野店_仕入_202401.csv
2024-01-17,上野店,MT-004,鶏むね肉,肉類,11.9,600.0,10.8,1.1,7140.0,660.0,0.0924,False,05_上野店_仕入_202401.csv
2024-01-17,上野店,SE-001,醤油(L),調味料・油,6.1,400.0,5.5,0.6,2440.0,240.0,0.0984,False,05_上野店_仕入_202401.csv
2024-01-17,上野店,MT-004,鶏むね肉,肉類,19.9,600.0,18.3,1.6,11940.0,960.0,0.0804,False,05_上野店_仕入_202401.csv
2024-01-18,上野店,DY-003,卵(10個),乳製品・卵,7.7,250.0,6.2,1.5,1925.0,375.0,0.1948,False,05_上野店_仕入_202401.csv
2024-01-18,上野店,DY-003,卵(10個),乳製品・卵,12.9,250.0,12.1,0.8,3225.0,200.0,0.062,False,05_上野店_仕入_202401.csv
2024-01-18,上野店,FS-001,鮭,魚介類,12.0,1500.0,9.3,2.7,18000.0,4050.0,0.225,False,05_上野店_仕入_202401.csv
2024-01-18,上野店,SE-003,みりん(L),調味料・油,5.5,600.0,3.9,1.6,3300.0,960.0,0.2909,False,05_上野店_仕入_202401.csv
2024-01-19,上野店,VG-005,レタス,野菜・果物,9.3,200.0,8.4,0.9,1860.0,180.0,0.0968,False,05_上野店_仕入_202401.csv
2024-01-19,上野店,VG-005,レタス,野菜・果物,5.5,200.0,4.1,1.4,1100.0,280.0,0.2545,False,05_上野店_仕入_202401.csv
2024-01-19,上野店,SE-003,みりん(L),調味料・油,6.8,600.0,6.3,0.5,4080.0,300.0,0.0735,False,05_上野店_仕入_202401.csv
2024-01-19,上野店,MT-003,牛切り落とし,肉類,14.2,2000.0,12.8,1.4,28400.0,2800.0,0.0986,False,05_上野店_仕入_202401.csv
2024-01-22,上野店,MT-002,豚バラ,肉類,7.0,1200.0,6.6,0.4,8400.0,480.0,0.0571,False,05_上野店_仕入_202401.csv
2024-01-22,上野店,DY-003,卵(10個),乳製品・卵,9.7,250.0,7.8,1.9,2425.0,475.0,0.1959,False,05_上野店_仕入_202401.csv
2024-01-22,上野店,MT-001,鶏もも肉,肉類,16.0,800.0,14.3,1.7,12800.0,1360.0,0.1062,False,05_上野店_仕入_202401.csv
2024-01-22,上野店,VG-003,玉ねぎ,野菜・果物,17.0,150.0,13.0,4.0,2550.0,600.0,0.2353,False,05_上野店_仕入_202401.csv
2024-01-23,上野店,SE-001,醤油(L),調味料・油,19.9,400.0,14.1,5.8,7960.0,2320.0,0.2915,False,05_上野店_仕入_202401.csv
2024-01-23,上野店,DY-003,卵(10個),乳製品・卵,11.3,250.0,8.9,2.4,2825.0,600.0,0.2124,False,05_上野店_仕入_202401.csv
2024-01-23,上野店,MT-001,鶏もも肉,肉類,15.4,800.0,12.2,3.2,12320.0,2560.0,0.2078,False,05_上野店_仕入_202401.csv
2024-01-23,上野店,FS-003,イカ,魚介類,5.5,1200.0,4.4,1.1,6600.0,1320.0,0.2,False,05_上野店_仕入_202401.csv
2024-01-24,上野店,SE-002,サラダ油(L),調味料・油,17.5,350.0,15.1,2.4,6125.0,840.0,0.1371,False,05_上野店_仕入_202401.csv
2024-01-24,上野店,MT-002,豚バラ,肉類,19.7,1200.0,15.8,3.9,23640.0,4680.0,0.198,False,05_上野店_仕入_202401.csv
2024-01-24,上野店,DY-003,卵(10個),乳製品・卵,18.6,250.0,14.2,4.4,4650.0,1100.0,0.2366,False,05_上野店_仕入_202401.csv
2024-01-24,上野店,DY-003,卵(10個),乳製品・卵,15.6,250.0,11.3,4.3,3900.0,1075.0,0.2756,False,05_上野店_仕入_202401.csv
2024-01-25,上野店,MT-003,牛切り落とし,肉類,5.6,2000.0,4.2,1.4,11200.0,2800.0,0.25,False,05_上野店_仕入_202401.csv
2024-01-25,上野店,SE-003,みりん(L),調味料・油,7.2,600.0,6.5,0.7,4320.0,420.0,0.0972,False,05_上野店_仕入_202401.csv
2024-01-25,上野店,FS-001,鮭,魚介類,16.4,1500.0,12.6,3.8,24600.0,5700.0,0.2317,False,05_上野店_仕入_202401.csv
2024-01-25,上野店,SE-001,醤油(L),調味料・油,6.6,400.0,4.8,1.8,2640.0,720.0,0.2727,False,05_上野店_仕入_202401.csv
2024-01-26,上野店,MT-002,豚バラ,肉類,9.2,1200.0,7.0,2.2,11040.0,2640.0,0.2391,False,05_上野店_仕入_202401.csv
2024-01-26,上野店,SE-003,みりん(L),調味料・油,9.2,600.0,6.5,2.7,5520.0,1620.0,0.2935,False,05_上野店_仕入_202401.csv
2024-01-26,上野店,VG-004,トマト,野菜・果物,13.5,300.0,12.1,1.4,4050.0,420.0,0.1037,False,05_上野店_仕入_202401.csv
2024-01-26,上野店,VG-003,玉ねぎ,野菜・果物,18.5,150.0,16.9,1.6,2775.0,240.0,0.0865,False,05_上野店_仕入_202401.csv
2024-01-29,上野店,DY-001,牛乳(L),乳製品・卵,6.1,200.0,4.3,1.8,1220.0,360.0,0.2951,False,05_上野店_仕入_202401.csv
2024-01-29,上野店,SE-003,みりん(L),調味料・油,7.5,600.0,6.4,1.1,4500.0,660.0,0.1467,False,05_上野店_仕入_202401.csv
2024-01-29,上野店,FS-004,アジ,魚介類,4.3,800.0,3.8,0.5,3440.0,400.0,0.1163,False,05_上野店_仕入_202401.csv
2024-01-29,上野店,FS-001,鮭,魚介類,15.1,1500.0,12.2,2.9,22650.0,4350.0,0.1921,False,05_上野店_仕入_202401.csv
2024-01-30,上野店,MT-004,鶏むね肉,肉類,11.5,600.0,10.2,1.3,6900.0,780.0,0.113,False,05_上野店_仕入_202401.csv
2024-01-30,上野店,VG-005,レタス,野菜・果物,15.5,200.0,12.0,3.5,3100.0,700.0,0.2258,False,05_上野店_仕入_202401.csv
2024-01-30,上野店,DY-003,卵(10個),乳製品・卵,6.3,250.0,5.2,1.1,1575.0,275.0,0.1746,False,05_上野店_仕入_202401.csv
2024-01-30,上野店,DY-002,バター(250g),乳製品・卵,12.5,450.0,10.0,2.5,5625.0,1125.0,0.2,False,05_上野店_仕入_202401.csv
2024-01-31,上野店,VG-004,トマト,野菜・果物,18.4,300.0,14.0,4.4,5520.0,1320.0,0.2391,False,05_上野店_仕入_202401.csv
2024-01-31,上野店,FS-004,アジ,魚介類,14.2,800.0,11.8,2.4,11360.0,1920.0,0.169,False,05_上野店_仕入_202401.csv
2024-01-31,上野店,VG-002,にんじん,野菜・果物,16.3,180.0,15.3,1.0,2934.0,180.0,0.0613,False,05_上野店_仕入_202401.csv
2024-01-31,上野店,VG-001,キャベツ,野菜・果物,18.5,120.0,17.5,1.0,2220.0,120.0,0.0541,False,05_上野店_仕入_202401.csv
