record_date,record_id,store_name,revenue,food_cost,labor_cost,other_cost,total_cost,gross_profit,food_cost_rate,labor_cost_rate,profit_margin,pl_flag,source_file
2024-03-31,REC-0001,池袋店,455445,132930,143077,36193,312200,143245,0.2918683924513388,0.314147701698339,0.3145165717045966,黒字,pl_styleA_202401.csv
2024-02-19,REC-0002,渋谷店,406263,161356,123350,11808,296514,109749,0.3971712905187034,0.3036210533570618,0.2701427400477031,黒字,pl_styleA_202401.csv
2024-04-02,REC-0003,品川店,110472,42151,30503,48049,120703,-10231,0.3815536968643638,0.2761152147150409,-0.09261170251285393,赤字,pl_styleA_202401.csv
2024-01-12,REC-0004,品川店,189180,48380,58580,32654,139614,49566,0.2557352785706734,0.3096521831060366,0.2620044402156676,黒字,pl_styleA_202401.csv
2024-02-23,REC-0005,池袋店,431967,158948,126842,43516,329306,102661,0.367963293492327,0.29363817143439197,0.23765935823801354,黒字,pl_styleA_202401.csv
2024-01-19,REC-0006,池袋店,110631,34049,34036,26693,94778,15853,0.3077708779636811,0.307653370212689,0.1432961828059043,黒字,pl_styleA_202401.csv
2024-02-13,REC-0007,渋谷店,73271,26107,18330,45287,89724,-16453,0.3563074067502832,0.2501671875639748,-0.22454995837370856,赤字,pl_styleA_202401.csv
2024-03-17,REC-0008,新宿店,410110,146784,132955,22912,302651,107459,0.3579137304625588,0.32419350905854527,0.2620248226085684,黒字,pl_styleA_202401.csv
2024-03-26,REC-0009,渋谷店,240956,75827,83102,31639,190568,50388,0.3146923089692724,0.3448845432361095,0.2091170172147612,黒字,pl_styleA_202401.csv
2024-02-03,REC-0010,品川店,376712,111916,126123,29681,267720,108992,0.2970863683662851,0.3347995285523158,0.2893244706831744,黒字,pl_styleA_202401.csv
2024-02-18,REC-0011,品川店,315878,93623,91869,36371,221863,94015,0.29638974540803725,0.2908369687031069,0.29763073085178454,黒字,pl_styleA_202401.csv
2024-03-03,REC-0012,品川店,415538,122312,109173,37554,269039,146499,0.2943461247828117,0.2627268745578022,0.3525525944678946,黒字,pl_styleA_202401.csv
2024-03-26,REC-0013,新宿店,398614,155879,126652,21405,303936,94678,0.39105249690176463,0.31773093769912747,0.237517999869548,黒字,pl_styleA_202401.csv
2024-01-19,REC-0014,品川店,372707,124993,108311,10026,243330,129377,0.3353653137719442,0.2906062939520857,0.34712790476164923,黒字,pl_styleA_202401.csv
2024-02-09,REC-0015,銀座店,209317,61337,61327,48009,170673,38644,0.29303401061547796,0.2929862361872184,0.18461950056612697,黒字,pl_styleA_202401.csv
2024-03-30,REC-0016,銀座店,368065,128162,109130,38977,276269,91796,0.3482048007824705,0.2964965427302243,0.2494016002608235,黒字,pl_styleA_202401.csv
2024-01-20,REC-0017,渋谷店,404223,114013,120183,21120,255316,148907,0.28205470742634636,0.2973185593100838,0.3683783456161574,黒字,pl_styleA_202401.csv
2024-01-22,REC-0018,品川店,395427,103886,119239,31966,255091,140336,0.26271852958953235,0.3015449122088274,0.3548973641152476,黒字,pl_styleA_202401.csv
2024-02-22,REC-0019,銀座店,98961,36889,32173,30343,99405,-444,0.37276300764947806,0.32510787077737696,-0.004486615939612575,赤字,pl_styleA_202401.csv
2024-02-07,REC-0020,池袋店,167776,62242,44416,13028,119686,48090,0.3709827388899485,0.2647339309555598,0.28663217623498,黒字,pl_styleA_202401.csv
2024-01-29,REC-0021,銀座店,178368,70917,55495,14772,141184,37184,0.39758813240043056,0.31112643523501976,0.20846788661643345,黒字,pl_styleA_202401.csv
2024-03-19,REC-0022,新宿店,288769,90143,90377,22742,203262,85507,0.31216300918727424,0.3129733454768344,0.296108654322313,黒字,pl_styleA_202401.csv
2024-01-02,REC-0023,池袋店,426620,151216,127746,25989,304951,121669,0.35445126810744926,0.2994374384698326,0.2851929117247199,黒字,pl_styleA_202401.csv
2024-02-27,REC-0024,新宿店,127369,44376,31912,16985,93273,34096,0.3484050279110302,0.2505476214777536,0.267694650974727,黒字,pl_styleA_202401.csv
2024-01-05,REC-0025,新宿店,458116,143743,122586,43944,310273,147843,0.31376987487885166,0.2675872486444481,0.32271957320853234,黒字,pl_styleA_202401.csv
2024-02-11,REC-0026,池袋店,293557,75600,80704,17953,174257,119300,0.25753090541189616,0.274917648020657,0.4063946695190372,黒字,pl_styleA_202401.csv
2024-01-18,REC-0027,銀座店,289317,78115,85772,44808,208695,80622,0.2699979607143721,0.2964637404646115,0.27866319642468296,黒字,pl_styleA_202401.csv
2024-02-23,REC-0028,銀座店,343037,116398,118349,39004,273751,69286,0.33931616706069606,0.3450036001947312,0.20197821226281712,黒字,pl_styleA_202401.csv
2024-02-20,REC-0029,銀座店,371206,138181,125913,37966,302060,69146,0.3722488321848246,0.33919979741706763,0.18627392876192733,黒字,pl_styleA_202401.csv
2024-01-10,REC-0030,渋谷店,485457,187400,143011,20430,350841,134616,0.386028010719796,0.29459045806322703,0.2772974743386129,黒字,pl_styleA_202401.csv
2024-02-14,REC-0031,銀座店,439889,166816,129770,26203,322789,117100,0.37922294033267484,0.29500624021059857,0.2662035195242436,黒字,pl_styleA_202401.csv
2024-01-25,REC-0032,渋谷店,490330,169482,160132,44163,373777,116553,0.3456488487345257,0.32658005832806475,0.23770317949136296,黒字,pl_styleA_202401.csv
2024-01-31,REC-0033,銀座店,304068,104603,84366,15077,204046,100022,0.34401186576686793,0.27745767394135523,0.3289461567807201,黒字,pl_styleA_202401.csv
2024-02-12,REC-0034,銀座店,424103,124202,117549,30952,272703,151400,0.29285810286652064,0.2771708759428724,0.35698875037431943,黒字,pl_styleA_202401.csv
2024-01-29,REC-0035,新宿店,333195,87325,88324,35102,210751,122444,0.2620837647623764,0.265082009033749,0.36748450607001903,黒字,pl_styleA_202401.csv
2024-01-09,REC-0036,新宿店,413829,112942,112311,37188,262441,151388,0.272919490900831,0.2713947065092103,0.3658225982229375,黒字,pl_styleA_202401.csv
2024-01-11,REC-0037,渋谷店,263699,79012,78211,14080,171303,92396,0.29962950181836107,0.29659194763726826,0.35038433972066635,黒字,pl_styleA_202401.csv
2024-03-15,REC-0038,新宿店,158440,59404,45780,48278,153462,4978,0.37493057308760414,0.28894218631658675,0.03141883362787175,黒字,pl_styleA_202401.csv
2024-03-20,REC-0039,銀座店,414654,104878,140180,47728,292786,121868,0.2529289479903727,0.33806498912346195,0.2939028684155947,黒字,pl_styleA_202401.csv
2024-02-29,REC-0040,池袋店,249429,80203,85871,29569,195643,53786,0.3215464120050195,0.344270313395796,0.21563651379751353,黒字,pl_styleA_202401.csv
2024-01-26,REC-0041,品川店,445037,137293,150940,37460,325693,119344,0.3084979451146759,0.3391628111819916,0.2681664670577952,黒字,pl_styleA_202401.csv
2024-02-02,REC-0042,渋谷店,332182,120292,101187,49534,271013,61169,0.36212678591856273,0.30461313376402094,0.1841430300257088,黒字,pl_styleA_202401.csv
2024-01-18,REC-0043,品川店,165625,53535,45926,41827,141288,24337,0.3232301886792453,0.27728905660377356,0.14694037735849055,黒字,pl_styleA_202401.csv
2024-03-25,REC-0044,新宿店,65217,20108,20666,36497,77271,-12054,0.30832451661376636,0.31688056795007435,-0.18482910897465385,赤字,pl_styleA_202401.csv
2024-02-04,REC-0045,渋谷店,429679,118057,127502,18364,263923,165756,0.2747562715422443,0.29673779728588084,0.3857670493554491,黒字,pl_styleA_202401.csv
2024-02-25,REC-0046,銀座店,376241,124204,128182,48790,301176,75065,0.33011819551829813,0.34069120590259966,0.1995130780536943,黒字,pl_styleA_202401.csv
2024-03-17,REC-0047,渋谷店,345903,120875,89379,38089,248343,97560,0.34944767752809314,0.25839324897442345,0.28204438816662475,黒字,pl_styleA_202401.csv
2024-02-02,REC-0048,品川店,121145,46038,32487,27049,105574,15571,0.38002393825580916,0.2681662470593091,0.12853192455322135,黒字,pl_styleA_202401.csv
2024-03-17,REC-0049,池袋店,248759,74404,73500,32118,180022,68737,0.2991007360537709,0.2954666966823311,0.27631965074630466,黒字,pl_styleA_202401.csv
2024-02-22,REC-0050,池袋店,449103,171533,124772,37627,333932,115171,0.38194578971861687,0.27782490876257787,0.2564467393894051,黒字,pl_styleA_202401.csv
2024-03-30,REC-0051,新宿店,182262,68391,54137,45351,167879,14383,0.37523455245745135,0.29702845354489693,0.07891387124030243,黒字,pl_styleA_202401.csv
2024-02-18,REC-0052,新宿店,77307,30921,22032,14496,67449,9858,0.3999767162093989,0.2849935969575847,0.127517559858745,黒字,pl_styleA_202401.csv
2024-01-08,REC-0053,池袋店,459591,180891,116747,12033,309671,149920,0.39359125831445785,0.2540236862775816,0.32620308056511116,黒字,pl_styleA_202401.csv
2024-02-11,REC-0054,品川店,179647,50283,45277,19986,115546,64101,0.2798989128680134,0.25203315390738507,0.3568164233190646,黒字,pl_styleA_202401.csv
2024-01-11,REC-0055,銀座店,175066,47081,55486,46960,149527,25539,0.26893285960723384,0.31694332423200394,0.14588212445591947,黒字,pl_styleA_202401.csv
2024-01-01,REC-0056,池袋店,164276,52528,45278,34175,131981,32295,0.3197545594000341,0.2756215150113224,0.19658988531495775,黒字,pl_styleA_202401.csv
2024-02-11,REC-0057,銀座店,137969,47031,47788,17506,112325,25644,0.3408809225260747,0.3463676623009517,0.18586783987707384,黒字,pl_styleA_202401.csv
2024-01-31,REC-0058,品川店,457786,170706,158610,17084,346400,111386,0.3728947586863731,0.3464719323002451,0.24331456182583128,黒字,pl_styleA_202401.csv
2024-03-12,REC-0059,銀座店,353397,89710,99373,34596,223679,129718,0.2538504854313987,0.2811936717063246,0.3670602749881861,黒字,pl_styleA_202401.csv
2024-04-01,REC-0060,品川店,257961,100919,69606,48803,219328,38633,0.3912180523412454,0.2698314861548839,0.14976294866278236,黒字,pl_styleA_202401.csv
2024-03-04,REC-0061,渋谷店,412080,154359,113027,29764,297150,114930,0.374585032032615,0.2742841195884294,0.2789021549213745,黒字,pl_styleA_202401.csv
2024-01-30,REC-0062,渋谷店,495798,174837,163887,47088,385812,109986,0.352637566105551,0.33055195866058357,0.22183631236915033,黒字,pl_styleA_202401.csv
2024-01-01,REC-0063,品川店,460326,117917,139605,34285,291807,168519,0.2561597650360831,0.3032742013268857,0.3660862084696498,黒字,pl_styleA_202401.csv
2024-01-29,REC-0064,品川店,86153,28076,24478,37528,90082,-3929,0.3258853435167667,0.2841224333453275,-0.045604912191101875,赤字,pl_styleA_202401.csv
2024-03-22,REC-0065,銀座店,481138,155662,141142,33736,330540,150598,0.3235288004688883,0.2933503485486492,0.313003753600838,黒字,pl_styleA_202401.csv
2024-01-15,REC-0066,品川店,383229,147058,113425,20026,280509,102720,0.3837340076038087,0.29597186016715854,0.26803817038898414,黒字,pl_styleA_202401.csv
2024-03-09,REC-0067,池袋店,278320,76933,84101,27700,188734,89586,0.2764192296636965,0.30217375682667436,0.32188128772635816,黒字,pl_styleA_202401.csv
2024-01-22,REC-0068,新宿店,372915,138437,113298,41686,293421,79494,0.37122936862287653,0.30381722376412856,0.21316922086802623,黒字,pl_styleA_202401.csv
2024-01-26,REC-0069,池袋店,293727,92622,94903,27589,215114,78613,0.31533362612221555,0.3230993405441107,0.26763967902167657,黒字,pl_styleA_202401.csv
2024-02-21,REC-0070,池袋店,218980,82721,72936,15679,171336,47644,0.37775595944835144,0.3330715133802174,0.21757238103936433,黒字,pl_styleA_202401.csv
2024-02-05,REC-0071,池袋店,196238,75010,53845,40455,169310,26928,0.3822399331424087,0.27438620450677237,0.1372211294448578,黒字,pl_styleA_202401.csv
2024-02-05,REC-0072,渋谷店,348765,119120,100409,11880,231409,117356,0.34154803377632503,0.28789872837010594,0.3364901868020013,黒字,pl_styleA_202401.csv
2024-03-04,REC-0073,銀座店,309158,116751,82911,23901,223563,85595,0.37764185303307696,0.2681832590455366,0.27686490402965475,黒字,pl_styleA_202401.csv
2024-02-16,REC-0074,渋谷店,236030,87254,67040,49069,203363,32667,0.36967334660848195,0.2840316908867517,0.13840189806380546,黒字,pl_styleA_202401.csv
2024-02-06,REC-0075,渋谷店,417622,159538,127616,43857,331011,86611,0.3820153152851143,0.30557777128599545,0.20739089415787482,黒字,pl_styleA_202401.csv
2024-01-03,REC-0076,新宿店,150168,39470,48355,42019,129844,20324,0.2628389537051835,0.3220060199243514,0.1353417505726919,黒字,pl_styleA_202401.csv
2024-01-02,REC-0077,新宿店,341072,124056,108822,42166,275044,66028,0.3637237885255899,0.3190587324670451,0.19358962330534316,黒字,pl_styleA_202401.csv
2024-02-22,REC-0078,新宿店,284972,105137,73894,24522,203553,81419,0.36893800092640683,0.2593026683323274,0.2857087713880662,黒字,pl_styleA_202401.csv
2024-02-19,REC-0079,品川店,262022,92695,73528,48112,214335,47687,0.35376800421338667,0.28061765805924693,0.1819961682606804,黒字,pl_styleA_202401.csv
2024-02-10,REC-0080,新宿店,243472,78151,73794,37885,189830,53642,0.32098557534336597,0.30309029375041074,0.22032102254057961,黒字,pl_styleA_202401.csv
2024-03-05,REC-0081,銀座店,441084,146686,125788,39736,312210,128874,0.33255797081735,0.28517924023542,0.292175640014147,黒字,pl_styleA_202401.csv
2024-01-21,REC-0082,渋谷店,192038,56841,52436,22621,131898,60140,0.2959882939834824,0.2730501254959956,0.31316718566117124,黒字,pl_styleA_202401.csv
2024-03-04,REC-0083,品川店,215438,57722,65404,22133,145259,70179,0.2679285919847009,0.30358618256760644,0.3257503318820264,黒字,pl_styleA_202401.csv
2024-01-06,REC-0084,新宿店,150422,42487,44888,48639,136014,14408,0.28245203494169735,0.2984137958543298,0.09578386140325218,黒字,pl_styleA_202401.csv
2024-01-16,REC-0085,池袋店,448567,147441,124836,16588,288865,159702,0.32869337245049235,0.2782995628300789,0.3560270817960305,黒字,pl_styleA_202401.csv
2024-01-28,REC-0086,品川店,486537,135801,132702,21759,290262,196275,0.27911751829768344,0.27274801299798374,0.4034122790250279,黒字,pl_styleA_202401.csv
2024-01-07,REC-0087,品川店,208475,52561,63254,27977,143792,64683,0.2521213574769157,0.30341287924211535,0.3102674181556542,黒字,pl_styleA_202401.csv
2024-03-15,REC-0088,品川店,73863,29260,22553,18275,70088,3775,0.3961387975034862,0.30533555366015463,0.05110813262391184,黒字,pl_styleA_202401.csv
2024-04-04,REC-0089,新宿店,384427,146185,114977,10803,271965,112462,0.38026725490145075,0.2990866926620659,0.2925444882903646,黒字,pl_styleA_202401.csv
2024-01-19,REC-0090,銀座店,350974,102712,104545,32328,239585,111389,0.2926484582903577,0.2978710673725119,0.31737108731700925,黒字,pl_styleA_202401.csv
2024-01-31,REC-0091,新宿店,146659,57904,40367,41308,139579,7080,0.3948206383515502,0.27524393320559937,0.04827525075174384,黒字,pl_styleA_202401.csv
2024-03-24,REC-0092,新宿店,109814,40995,31853,14855,87703,22111,0.3733130566230171,0.29006319777077605,0.20134955470158633,黒字,pl_styleA_202401.csv
2024-03-11,REC-0093,新宿店,352525,121415,90021,19777,231213,121312,0.34441528969576624,0.25536061272250193,0.34412311183604,黒字,pl_styleA_202401.csv
2024-04-03,REC-0094,銀座店,475272,158943,133258,26265,318466,156806,0.33442533959501086,0.28038260196266557,0.3299289669915333,黒字,pl_styleA_202401.csv
2024-02-19,REC-0095,新宿店,112102,37409,32690,49067,119166,-7064,0.3337050186437352,0.2916094271288648,-0.06301404078428574,赤字,pl_styleA_202401.csv
2024-02-05,REC-0096,品川店,464575,159239,152180,34928,346347,118228,0.34276274013883656,0.32756820750147986,0.254486358499704,黒字,pl_styleA_202401.csv
2024-03-08,REC-0097,池袋店,286199,110551,80059,48569,239179,47020,0.3862731875373429,0.2797319347726582,0.16429127984374509,黒字,pl_styleA_202401.csv
2024-01-18,REC-0098,渋谷店,274830,81296,85775,49952,217023,57807,0.2958046792562675,0.31210202670741916,0.21033729942146054,黒字,pl_styleA_202401.csv
2024-02-01,REC-0099,渋谷店,438019,116024,142914,23829,282767,155252,0.26488348678938584,0.32627351781543723,0.35444124569938745,黒字,pl_styleA_202401.csv
2024-01-27,REC-0100,池袋店,188750,65885,50151,21391,137427,51323,0.3490596026490066,0.2657006622516556,0.2719099337748344,黒字,pl_styleA_202401.csv
2024-03-16,REC-0101,新宿店,339402,88672,84941,39524,213137,126265,0.2612595093723667,0.2502666454528848,0.3720219680496874,黒字,pl_styleA_202401.csv
2024-03-29,REC-0102,新宿店,411429,139503,114840,25170,279513,131916,0.3390694384693349,0.2791247092450945,0.3206288326782993,黒字,pl_styleA_202401.csv
2024-01-08,REC-0103,銀座店,201049,71582,64395,39755,175732,25317,0.35604255678963836,0.32029505244990025,0.12592452586185457,黒字,pl_styleA_202401.csv
2024-02-14,REC-0104,新宿店,87318,30832,29896,48652,109380,-22062,0.35310016262397215,0.34238072333310426,-0.2526626812341098,赤字,pl_styleA_202401.csv
2024-01-14,REC-0105,品川店,396650,146992,107008,17521,271521,125129,0.3705836379679818,0.2697794024959032,0.3154645153157696,黒字,pl_styleA_202401.csv
2024-03-31,REC-0106,新宿店,335507,95190,88875,27408,211473,124034,0.28371986277484523,0.26489760273258084,0.369691243401777,黒字,pl_styleA_202401.csv
2024-02-08,REC-0107,池袋店,483392,131161,123730,30159,285050,198342,0.27133465179398913,0.2559620349529988,0.410312955117172,黒字,pl_styleA_202401.csv
2024-03-11,REC-0108,品川店,361974,131158,111097,28914,271169,90805,0.3623409416145911,0.306919834021228,0.25086055904567733,黒字,pl_styleA_202401.csv
2024-02-02,REC-0109,池袋店,280242,75287,89360,36378,201025,79217,0.26864995254101814,0.31886726472120525,0.28267354643486703,黒字,pl_styleA_202401.csv
2024-01-07,REC-0110,新宿店,192735,62652,57700,15271,135623,57112,0.32506809868472253,0.2993747892183568,0.2963239681427867,黒字,pl_styleA_202401.csv
2024-03-29,REC-0111,銀座店,363543,93059,106591,31123,230773,132770,0.25597797234439945,0.2932005292358813,0.3652112679930572,黒字,pl_styleA_202401.csv
2024-04-03,REC-0112,渋谷店,366519,105394,94977,47696,248067,118452,0.2875539876513905,0.2591325415599191,0.3231810629189755,黒字,pl_styleA_202401.csv
2024-03-13,REC-0113,品川店,357821,140486,125222,27662,293370,64451,0.39261530206444006,0.3499571014557558,0.1801207866503084,黒字,pl_styleA_202401.csv
2024-03-03,REC-0114,池袋店,352119,90154,114659,40834,245647,106472,0.2560327616516007,0.3256257117622168,0.3023750493441138,黒字,pl_styleA_202401.csv
2024-03-30,REC-0115,品川店,322086,111997,110026,21894,243917,78169,0.34772389982799623,0.3416044162118192,0.242696050123259,黒字,pl_styleA_202401.csv
2024-02-15,REC-0116,銀座店,356881,112554,118279,15979,246812,110069,0.3153824384038377,0.33142420022360397,0.3084193330549959,黒字,pl_styleA_202401.csv
2024-01-14,REC-0117,銀座店,296420,89576,83984,16855,190415,106005,0.3021928344915998,0.28332771068079077,0.357617569664665,黒字,pl_styleA_202401.csv
2024-02-20,REC-0118,品川店,499699,136979,145494,42471,324944,174755,0.2741230220592797,0.2911632802947374,0.3497205317601196,黒字,pl_styleA_202401.csv
2024-02-27,REC-0119,銀座店,201109,70264,58330,46051,174645,26464,0.3493826730777837,0.29004171866997497,0.1315903316112158,黒字,pl_styleA_202401.csv
2024-01-15,REC-0120,池袋店,69239,22033,19487,31186,72706,-3467,0.3182166120250148,0.28144542815465273,-0.05007293577319141,赤字,pl_styleA_202401.csv
2024-03-27,REC-0121,品川店,110776,43814,32171,43724,119709,-8933,0.3955188849570304,0.2904148913121976,-0.08064021087600202,赤字,pl_styleA_202401.csv
2024-02-20,REC-0122,新宿店,482499,192139,152356,45559,390054,92445,0.398216369360351,0.31576438500390674,0.19159625201295755,黒字,pl_styleA_202401.csv
2024-04-03,REC-0123,池袋店,292208,91165,78533,33709,203407,88801,0.31198666703170347,0.2687571866615561,0.3038965394513497,黒字,pl_styleA_202401.csv
2024-02-28,REC-0124,新宿店,376439,136822,117652,13382,267856,108583,0.36346393439574537,0.31253934900475244,0.28844779632291023,黒字,pl_styleA_202401.csv
2024-02-13,REC-0125,銀座店,156723,45458,41234,28876,115568,41155,0.2900531511009871,0.2631011402283009,0.26259706616131645,黒字,pl_styleA_202401.csv
2024-01-20,REC-0126,新宿店,279699,106880,83482,11891,202253,77446,0.38212507016471275,0.29847085617038316,0.27689051444588647,黒字,pl_styleA_202401.csv
2024-02-09,REC-0127,新宿店,380313,129812,104179,20379,254370,125943,0.34132937869596885,0.27392963164551304,0.3311561792523527,黒字,pl_styleA_202401.csv
2024-03-02,REC-0128,池袋店,212922,70823,64989,16108,151920,61002,0.3326241534458628,0.3052244483895511,0.28649928142700143,黒字,pl_styleA_202401.csv
2024-04-01,REC-0129,池袋店,167807,66927,57271,40241,164439,3368,0.3988331833594546,0.3412908877460416,0.02007067643185326,黒字,pl_styleA_202401.csv
2024-01-16,REC-0130,新宿店,111586,38737,29614,29127,97478,14108,0.34714928396035344,0.2653917158066424,0.12643163120821607,黒字,pl_styleA_202401.csv
2024-02-17,REC-0131,池袋店,316795,112719,92361,41621,246701,70094,0.3558105399390773,0.2915481620606386,0.22125980523682506,黒字,pl_styleA_202401.csv
2024-03-01,REC-0132,渋谷店,297579,85274,90799,35138,211211,86368,0.28655919940587204,0.30512569771388437,0.29023553409346764,黒字,pl_styleA_202401.csv
2024-03-08,REC-0133,新宿店,149934,58216,45103,18946,122265,27669,0.3882775087705257,0.3008190270385636,0.18454119812717595,黒字,pl_styleA_202401.csv
2024-02-23,REC-0134,新宿店,86600,25238,28491,37193,90922,-4322,0.29143187066974596,0.32899538106235565,-0.04990762124711316,赤字,pl_styleA_202401.csv
2024-03-11,REC-0135,銀座店,228192,89026,68634,10168,167828,60364,0.39013637638479876,0.3007730332351704,0.26453162249333895,黒字,pl_styleA_202401.csv
2024-03-27,REC-0136,渋谷店,198289,71167,66178,48005,185350,12939,0.35890543600502295,0.33374519010131676,0.06525324148086883,黒字,pl_styleA_202401.csv
2024-01-14,REC-0137,新宿店,395999,128084,104884,45296,278264,117735,0.3234452612254071,0.2648592546950876,0.2973113568468607,黒字,pl_styleA_202401.csv
2024-03-23,REC-0138,新宿店,303934,91717,92758,45614,230089,73845,0.3017661729191206,0.30519125862851804,0.2429639329591293,黒字,pl_styleA_202401.csv
2024-01-27,REC-0139,銀座店,247766,78864,69914,22363,171141,76625,0.3183003317646489,0.28217753848389204,0.3092635793450272,黒字,pl_styleA_202401.csv
2024-03-18,REC-0140,品川店,415690,118812,119842,36920,275574,140116,0.285818759171498,0.28829656715340757,0.33706848853713106,黒字,pl_styleA_202401.csv
2024-02-01,REC-0141,新宿店,72883,21699,21667,34984,78350,-5467,0.2977237490224058,0.2972846891593376,-0.07501063348105869,赤字,pl_styleA_202401.csv
2024-03-30,REC-0142,渋谷店,252416,100527,83105,19968,203600,48816,0.39825922287018256,0.32923824163286003,0.19339503042596348,黒字,pl_styleA_202401.csv
2024-03-05,REC-0143,品川店,309694,122243,81333,48678,252254,57440,0.39472188676564607,0.2626237511866552,0.18547340277822624,黒字,pl_styleA_202401.csv
2024-01-07,REC-0144,渋谷店,224060,85244,75602,38855,199701,24359,0.3804516647326609,0.33741854860305276,0.10871641524591627,黒字,pl_styleA_202401.csv
2024-02-12,REC-0145,渋谷店,102277,33638,30242,19447,83327,18950,0.3288911485475718,0.2956872024013219,0.1852811482542507,黒字,pl_styleA_202401.csv
2024-03-16,REC-0146,渋谷店,264946,100849,91935,14903,207687,57259,0.38063982849335337,0.34699523676522764,0.2161157367916481,黒字,pl_styleA_202401.csv
2024-02-16,REC-0147,銀座店,296148,108754,81885,36049,226688,69460,0.36722854788821807,0.2765002633818226,0.2345448897173035,黒字,pl_styleA_202401.csv
2024-02-28,REC-0148,池袋店,390701,102382,110512,44971,257865,132836,0.26204693614810304,0.282855687597421,0.33999401076526553,黒字,pl_styleA_202401.csv
2024-03-26,REC-0149,品川店,249234,97979,77930,41978,217887,31347,0.3931205212771933,0.3126780455315085,0.12577336960446808,黒字,pl_styleA_202401.csv
2024-01-05,REC-0150,渋谷店,333648,85208,85694,28833,199735,133913,0.25538291852491246,0.2568395434709634,0.40136011605044836,黒字,pl_styleA_202401.csv
2024-01-27,REC-0151,渋谷店,169268,61277,49662,16451,127390,41878,0.36201172105773094,0.2933927263274807,0.2474064796653827,黒字,pl_styleA_202401.csv
2024-02-01,REC-0152,銀座店,448652,154812,151311,39076,345199,103453,0.345060314007293,0.3372569385626276,0.23058628959639096,黒字,pl_styleA_202401.csv
2024-02-26,REC-0153,品川店,137223,48590,46702,13014,108306,28917,0.3540951589748074,0.3403365325054838,0.21072997966813142,黒字,pl_styleA_202401.csv
2024-03-10,REC-0154,渋谷店,220065,81296,61472,34565,177333,42732,0.36941812646263605,0.2793356508304365,0.19417899257037693,黒字,pl_styleA_202401.csv
2024-03-05,REC-0155,渋谷店,275803,74973,83600,47088,205661,70142,0.2718353317404089,0.30311490447892153,0.2543192061000062,黒字,pl_styleA_202401.csv
2024-04-03,REC-0156,品川店,407459,150302,108790,15175,274267,133192,0.3688763777459818,0.26699618857357427,0.32688442272719465,黒字,pl_styleA_202401.csv
2024-01-30,REC-0157,品川店,369549,140659,115288,25783,281730,87819,0.3806234085331039,0.3119694546595986,0.23763831048115405,黒字,pl_styleA_202401.csv
2024-02-08,REC-0158,渋谷店,310920,120302,82179,40221,242702,68218,0.3869226810755178,0.264309147047472,0.21940692139457096,黒字,pl_styleA_202401.csv
2024-02-02,REC-0159,銀座店,384445,110757,105927,10615,227299,157146,0.28809582645111786,0.27553226079153065,0.4087606809816749,黒字,pl_styleA_202401.csv
2024-03-03,REC-0160,渋谷店,471859,150894,131536,45821,328251,143608,0.31978620732040713,0.27876124011622117,0.3043451539548891,黒字,pl_styleA_202401.csv
2024-02-24,REC-0161,池袋店,448571,163222,115522,42382,321126,127445,0.36387104828444106,0.25753336707009594,0.2841133287706963,黒字,pl_styleB_202401.csv
2024-02-12,REC-0162,渋谷店,293245,106496,95594,39419,241509,51736,0.3631639073129977,0.32598680284403825,0.17642585551330797,黒字,pl_styleB_202401.csv
2024-03-31,REC-0163,銀座店,407110,158212,124758,31181,314151,92959,0.3886222396895188,0.30644788877698903,0.22833877821718945,黒字,pl_styleB_202401.csv
2024-03-08,REC-0164,新宿店,378842,112675,111370,40731,264776,114066,0.2974195047011683,0.2939747968810216,0.30109122008647404,黒字,pl_styleB_202401.csv
2024-02-18,REC-0165,池袋店,281844,97153,92905,48759,238817,43027,0.344704872198805,0.3296327046167383,0.15266246576120124,黒字,pl_styleB_202401.csv
2024-01-20,REC-0166,銀座店,79450,24056,20451,40260,84767,-5317,0.3027816236626809,0.2574071743234739,-0.06692259282567653,赤字,pl_styleB_202401.csv
2024-02-09,REC-0167,品川店,286933,73351,82313,28813,184477,102456,0.25563807578772746,0.28687184813179384,0.35707290552149806,黒字,pl_styleB_202401.csv
2024-03-13,REC-0168,銀座店,90229,31282,31375,15917,78574,11655,0.3466956300080905,0.3477263407551896,0.12917133072515488,黒字,pl_styleB_202401.csv
2024-02-26,REC-0169,品川店,372441,126299,107429,48032,281760,90681,0.33911142972980957,0.2884456866993698,0.24347749039445174,黒字,pl_styleB_202401.csv
2024-03-26,REC-0170,渋谷店,340621,133909,110324,12688,256921,83700,0.3931319560449884,0.32389077596507554,0.24572765625137616,黒字,pl_styleB_202401.csv
2024-01-24,REC-0171,銀座店,285789,110416,87784,22336,220536,65253,0.38635496817582204,0.30716367669854333,0.22832579280518145,黒字,pl_styleB_202401.csv
2024-01-13,REC-0172,新宿店,218572,74478,65601,14054,154133,64439,0.34074812876306204,0.3001345094522629,0.2948181834818733,黒字,pl_styleB_202401.csv
2024-02-11,REC-0173,新宿店,286203,75994,97284,32507,205785,80418,0.2655248197957394,0.3399125795327093,0.2809823796396264,黒字,pl_styleB_202401.csv
2024-03-07,REC-0174,品川店,424507,111496,133555,12565,257616,166891,0.26264820132530203,0.31461200875368367,0.39314074915136854,黒字,pl_styleB_202401.csv
2024-01-19,REC-0175,新宿店,179889,64066,62798,44345,171209,8680,0.35614184302542123,0.34909305182640404,0.04825197760841408,黒字,pl_styleB_202401.csv
2024-03-18,REC-0176,池袋店,324070,110660,92810,28539,232009,92061,0.34146943561576204,0.2863887431727713,0.28407751411732035,黒字,pl_styleB_202401.csv
2024-01-01,REC-0177,銀座店,253117,78799,71843,49183,199825,53292,0.3113145304345421,0.2838331680606202,0.21054295049325017,黒字,pl_styleB_202401.csv
2024-03-25,REC-0178,新宿店,77454,28532,24377,14319,67228,10226,0.3683734861982596,0.31472874222118935,0.1320267513620988,黒字,pl_styleB_202401.csv
2024-01-21,REC-0179,品川店,222852,58872,70830,28621,158323,64529,0.2641753271229336,0.31783425771363955,0.28955988727945003,黒字,pl_styleB_202401.csv
2024-02-06,REC-0180,新宿店,182118,65300,57486,49498,172284,9834,0.35855873664327526,0.31565248904556387,0.053997957368299675,黒字,pl_styleB_202401.csv
2024-02-22,REC-0181,銀座店,128838,38651,39717,19268,97636,31202,0.29999689532591317,0.3082708517673357,0.24218010214377747,黒字,pl_styleB_202401.csv
2024-01-07,REC-0182,渋谷店,233406,69212,73664,35687,178563,54843,0.2965305090700325,0.3156045688628399,0.2349682527441454,黒字,pl_styleB_202401.csv
2024-01-10,REC-0183,渋谷店,117607,39898,40433,30288,110619,6988,0.33924851411905754,0.3437975630702254,0.059418231907964664,黒字,pl_styleB_202401.csv
2024-01-02,REC-0184,品川店,343036,105141,112915,18375,236431,106605,0.3065013584580044,0.32916370293496894,0.3107691321027531,黒字,pl_styleB_202401.csv
2024-01-18,REC-0185,銀座店,401333,142643,138343,44497,325483,75850,0.35542305267695407,0.34470875806375256,0.18899517358403123,黒字,pl_styleB_202401.csv
2024-01-13,REC-0186,渋谷店,98996,34342,28940,33712,96994,2002,0.3469029051678856,0.2923350438401552,0.020223039314719787,黒字,pl_styleB_202401.csv
2024-03-05,REC-0187,池袋店,59558,18128,15963,24037,58128,1430,0.30437556667450216,0.2680244467577823,0.0240102085362168,黒字,pl_styleB_202401.csv
2024-03-12,REC-0188,新宿店,229166,89867,68435,24846,183148,46018,0.39214804988523605,0.2986263232765768,0.20080640234589772,黒字,pl_styleB_202401.csv
2024-03-18,REC-0189,品川店,122123,33369,34143,16628,84140,37983,0.2732409128501593,0.279578785322994,0.31102249371535257,黒字,pl_styleB_202401.csv
2024-02-27,REC-0190,銀座店,316175,115603,105448,44506,265557,50618,0.3656297936269471,0.33351150470467306,0.16009488416225193,黒字,pl_styleB_202401.csv
2024-02-18,REC-0191,品川店,69790,24376,23563,18588,66527,3263,0.34927640063046284,0.3376271672159335,0.04675454936237283,黒字,pl_styleB_202401.csv
2024-01-30,REC-0192,銀座店,363129,111301,96673,20848,228822,134307,0.30650540166166845,0.2662221965196941,0.3698602975801988,黒字,pl_styleB_202401.csv
2024-01-28,REC-0193,新宿店,428107,135132,124615,25566,285313,142794,0.31565005944775487,0.2910837711132964,0.33354745425793086,黒字,pl_styleB_202401.csv
2024-04-05,REC-0194,池袋店,282888,96631,92006,39420,228057,54831,0.34158748338565087,0.32523825683662794,0.19382582506150844,黒字,pl_styleB_202401.csv
2024-01-27,REC-0195,渋谷店,172684,57003,48515,40737,146255,26429,0.3301000671747238,0.28094670033124086,0.15304834263741865,黒字,pl_styleB_202401.csv
2024-01-17,REC-0196,新宿店,487839,136157,155050,47383,338590,149249,0.2791023267922409,0.3178302677727693,0.30593904956348306,黒字,pl_styleB_202401.csv
2024-01-26,REC-0197,池袋店,280999,89709,78167,35026,202902,78097,0.31925024644215816,0.27817536717212515,0.2779262559653237,黒字,pl_styleB_202401.csv
2024-02-23,REC-0198,銀座店,313667,103233,108725,23087,235045,78622,0.3291165471662623,0.34662556150312274,0.250654356371566,黒字,pl_styleB_202401.csv
2024-01-26,REC-0199,新宿店,470090,160159,158561,13419,332139,137951,0.34069858963177263,0.3372992405709545,0.2934565721457593,黒字,pl_styleB_202401.csv
2024-01-19,REC-0200,銀座店,386162,124378,110875,16723,251976,134186,0.32208762125739976,0.2871204313215697,0.3474862881381389,黒字,pl_styleB_202401.csv
2024-03-14,REC-0201,新宿店,422978,159413,141746,28681,329840,93138,0.376882485613909,0.3351143558293812,0.22019584942952117,黒字,pl_styleB_202401.csv
2024-02-18,REC-0202,渋谷店,93974,34250,26057,43643,103950,-9976,0.3644625109072722,0.27727882180177493,-0.10615702215506417,赤字,pl_styleB_202401.csv
2024-04-03,REC-0203,新宿店,127253,47676,32980,24551,105207,22046,0.37465521441537725,0.2591687425836719,0.17324542446936417,黒字,pl_styleB_202401.csv
2024-01-09,REC-0204,渋谷店,478187,151905,136263,11747,299915,178272,0.3176686108154341,0.2849575584447089,0.3728081273643993,黒字,pl_styleB_202401.csv
2024-01-18,REC-0205,渋谷店,267525,69018,80311,25451,174780,92745,0.2579871040089711,0.3001999813101579,0.3466778805719092,黒字,pl_styleB_202401.csv
2024-01-21,REC-0206,銀座店,252462,100777,72580,11847,185204,67258,0.39917690583137266,0.2874888101971782,0.26640840997853144,黒字,pl_styleB_202401.csv
2024-01-11,REC-0207,池袋店,217082,84580,72487,31973,189040,28042,0.3896223546862476,0.3339152946812725,0.12917699302567692,黒字,pl_styleB_202401.csv
2024-03-28,REC-0208,品川店,464911,126412,118008,40962,285382,179529,0.2719058056273136,0.25382922752957016,0.38615778073652807,黒字,pl_styleB_202401.csv
2024-03-27,REC-0209,渋谷店,414942,155464,135223,40743,331430,83512,0.3746644109297203,0.3258840994645035,0.20126186310375907,黒字,pl_styleB_202401.csv
2024-01-21,REC-0210,渋谷店,285196,97623,97133,11245,206001,79195,0.3423014348027322,0.34058331813910436,0.277686222808174,黒字,pl_styleB_202401.csv
2024-01-29,REC-0211,品川店,184177,52002,48798,49903,150703,33474,0.2823479587570652,0.264951649771687,0.18174907833225648,黒字,pl_styleB_202401.csv
2024-01-28,REC-0212,池袋店,326704,102417,107033,25573,235023,91681,0.31348560164552625,0.3276145991478525,0.2806240511288506,黒字,pl_styleB_202401.csv
2024-01-18,REC-0213,池袋店,207889,55771,56929,39957,152657,55232,0.2682729725959527,0.2738432528897633,0.2656802428218905,黒字,pl_styleB_202401.csv
2024-01-01,REC-0214,池袋店,82929,22111,28238,49107,99456,-16527,0.2666256677398739,0.3405081455220731,-0.19929095973664218,赤字,pl_styleB_202401.csv
2024-03-23,REC-0215,銀座店,331046,83577,99822,25855,209254,121792,0.2524634038774068,0.30153513409012644,0.3679005334606067,黒字,pl_styleB_202401.csv
2024-04-04,REC-0216,池袋店,426724,115871,124997,33122,273990,152734,0.2715361685773474,0.2929223573082367,0.35792221670213065,黒字,pl_styleB_202401.csv
2024-03-30,REC-0217,銀座店,176124,59107,47330,15610,122047,54077,0.33559878267584203,0.2687311212554791,0.3070393586336899,黒字,pl_styleB_202401.csv
2024-04-01,REC-0218,品川店,324456,128548,83309,44475,256332,68124,0.3961954779692778,0.25676517000764354,0.20996375471558548,黒字,pl_styleB_202401.csv
2024-01-11,REC-0219,新宿店,335255,109326,116948,46316,272590,62665,0.32609804477189,0.34883297788250733,0.1869174210675456,黒字,pl_styleB_202401.csv
2024-01-09,REC-0220,池袋店,60661,18718,18017,35354,72089,-11428,0.30856728375727405,0.2970112592934505,-0.18839122335602776,赤字,pl_styleB_202401.csv
2024-02-29,REC-0221,渋谷店,245717,70778,61828,14427,147033,98684,0.2880468180874746,0.25162280184114244,0.4016164937712897,黒字,pl_styleB_202401.csv
2024-02-28,REC-0222,銀座店,230775,66040,72858,16793,155691,75084,0.28616617917885384,0.3157101072473188,0.32535586610334744,黒字,pl_styleB_202401.csv
2024-02-12,REC-0223,銀座店,454488,153292,148012,18743,320047,134441,0.3372850328281495,0.32566756438013766,0.295807590079386,黒字,pl_styleB_202401.csv
2024-02-14,REC-0224,品川店,73244,22181,20790,21474,64445,8799,0.3028370924580853,0.28384577576320247,0.12013270711594123,黒字,pl_styleB_202401.csv
2024-01-10,REC-0225,銀座店,485360,178064,143890,41361,363315,122045,0.36686995220042856,0.2964603593209164,0.2514525300807648,黒字,pl_styleB_202401.csv
2024-02-21,REC-0226,渋谷店,381211,105725,100443,39994,246162,135049,0.2773398459121064,0.26348400229794,0.35426312462127274,黒字,pl_styleB_202401.csv
2024-02-21,REC-0227,品川店,69390,20401,17651,23072,61124,8266,0.2940048998414757,0.2543738290820003,0.11912379305375415,黒字,pl_styleB_202401.csv
2024-03-04,REC-0228,銀座店,71970,21399,20224,36098,77721,-5751,0.29733222175906626,0.2810059747116854,-0.0799082951229679,赤字,pl_styleB_202401.csv
2024-03-17,REC-0229,渋谷店,477507,158271,131472,22524,312267,165240,0.33145273263009756,0.2753299951623746,0.3460472830764785,黒字,pl_styleB_202401.csv
2024-01-16,REC-0230,銀座店,200004,60710,65618,31753,158081,41923,0.3035439291214176,0.3280834383312334,0.20961080778384433,黒字,pl_styleB_202401.csv
2024-02-23,REC-0231,池袋店,193244,51919,55422,36215,143556,49688,0.26867069611475647,0.28679803771397816,0.2571257063608702,黒字,pl_styleB_202401.csv
2024-03-03,REC-0232,品川店,439707,138930,151983,32219,323132,116575,0.31596040090332883,0.34564607795645735,0.26511972745487333,黒字,pl_styleB_202401.csv
2024-02-17,REC-0233,渋谷店,147946,47998,44347,44031,136376,11570,0.32442918362105094,0.299751260595082,0.07820420964405932,黒字,pl_styleB_202401.csv
2024-04-03,REC-0234,品川店,189838,70272,61262,15172,146706,43132,0.3701682487173274,0.3227067288951632,0.22720424783236234,黒字,pl_styleB_202401.csv
2024-01-27,REC-0235,銀座店,275762,93860,91617,45748,231225,44537,0.34036596775480304,0.3322321422095865,0.1615052110152958,黒字,pl_styleB_202401.csv
2024-03-23,REC-0236,新宿店,204018,60834,52638,29375,142847,61171,0.2981795723906714,0.2580066464723701,0.2998313874265996,黒字,pl_styleB_202401.csv
2024-03-17,REC-0237,品川店,210692,66765,67793,20921,155479,55213,0.3168843620071004,0.32176352210810094,0.2620555123118106,黒字,pl_styleB_202401.csv
2024-02-02,REC-0238,銀座店,411635,130317,121314,33105,284736,126899,0.316583866775177,0.29471254873856695,0.3082803940384078,黒字,pl_styleB_202401.csv
2024-01-01,REC-0239,渋谷店,372359,148840,103313,13759,265912,106447,0.39972177387950875,0.2774553589412368,0.28587196764412837,黒字,pl_styleB_202401.csv
2024-03-19,REC-0240,新宿店,89343,31330,25964,43625,100919,-11576,0.35067100948031743,0.290610344403031,-0.1295680691268482,赤字,pl_styleB_202401.csv
2024-03-27,REC-0241,品川店,470005,170369,125020,12040,307429,162576,0.362483377836406,0.26599717024286973,0.3459027031627323,黒字,pl_styleB_202401.csv
2024-03-11,REC-0242,池袋店,124857,47108,39680,38716,125504,-647,0.37729562619636864,0.3178035672809694,-0.005181928125775888,赤字,pl_styleB_202401.csv
2024-01-06,REC-0243,銀座店,68244,18353,18671,34007,71031,-2787,0.2689320672879667,0.27359181759568607,-0.04083875505538948,赤字,pl_styleB_202401.csv
2024-01-02,REC-0244,渋谷店,239871,73743,73574,49655,196972,42899,0.3074277424115462,0.30672319705174866,0.17884196088731028,黒字,pl_styleB_202401.csv
2024-03-05,REC-0245,銀座店,130445,45898,44988,34380,125266,5179,0.35185710452681207,0.3448809843228947,0.03970255663306374,黒字,pl_styleB_202401.csv
2024-02-25,REC-0246,池袋店,282752,103052,86915,44698,234665,48087,0.36446072883657765,0.30738951448619284,0.17006776256224537,黒字,pl_styleB_202401.csv
2024-03-14,REC-0247,渋谷店,242387,75068,76341,26358,177767,64620,0.30970307813537856,0.31495500996340564,0.26659845618783184,黒字,pl_styleB_202401.csv
2024-02-14,REC-0248,池袋店,109479,27795,29406,43930,101131,8348,0.25388430657934397,0.2685994574301921,0.07625206660638113,黒字,pl_styleB_202401.csv
2024-01-28,REC-0249,銀座店,252892,97877,66201,27058,191136,61756,0.38703082738876676,0.26177577780238204,0.2441991047561805,黒字,pl_styleB_202401.csv
2024-02-03,REC-0250,品川店,419118,132835,146538,28715,308088,111030,0.31693938222648516,0.34963423188696263,0.2649134611255064,黒字,pl_styleB_202401.csv
2024-01-27,REC-0251,池袋店,413845,160353,123789,18037,302179,111666,0.3874711546593531,0.2991192354625524,0.2698256593652213,黒字,pl_styleB_202401.csv
2024-03-25,REC-0252,渋谷店,121160,45789,35766,39170,120725,435,0.37792175635523273,0.29519643446682076,0.0035902938263453286,黒字,pl_styleB_202401.csv
2024-02-02,REC-0253,新宿店,96027,35681,33297,30944,99922,-3895,0.37157257854561737,0.3467462276234809,-0.040561508742332886,赤字,pl_styleB_202401.csv
2024-01-09,REC-0254,品川店,400140,120887,102633,45531,269051,131089,0.3021117608836907,0.2564927275453591,0.3276078372569601,黒字,pl_styleB_202401.csv
2024-01-03,REC-0255,品川店,202233,77596,67775,21409,166780,35453,0.38369603378281486,0.3351332374043801,0.1753076896451123,黒字,pl_styleB_202401.csv
2024-02-08,REC-0256,銀座店,466125,141806,126983,23171,291960,174165,0.30422311611692143,0.27242263341378387,0.37364440868865645,黒字,pl_styleB_202401.csv
2024-03-12,REC-0257,渋谷店,465270,126009,153091,11722,290822,174448,0.2708298407376362,0.3290369033034582,0.37493928256711156,黒字,pl_styleB_202401.csv
2024-02-01,REC-0258,新宿店,239213,79682,68628,46152,194462,44751,0.3331006258021094,0.286890762625777,0.1870759532299666,黒字,pl_styleB_202401.csv
2024-02-10,REC-0259,渋谷店,118037,40344,30526,30269,101139,16898,0.3417911332887146,0.25861382447876513,0.14315850114794515,黒字,pl_styleB_202401.csv
2024-01-11,REC-0260,銀座店,258750,103484,83288,44451,231223,27527,0.3999381642512077,0.32188599033816423,0.10638454106280193,黒字,pl_styleB_202401.csv
2024-02-04,REC-0261,池袋店,265374,96960,88192,14833,199985,65389,0.3653711365845938,0.3323309743983962,0.24640318946091178,黒字,pl_styleB_202401.csv
2024-01-16,REC-0262,池袋店,115707,45803,36359,39489,121651,-5944,0.3958533191596014,0.3142333653106554,-0.051371135713483194,赤字,pl_styleB_202401.csv
2024-03-01,REC-0263,品川店,294230,103573,83694,46130,233397,60833,0.35201373075485165,0.2844509397410189,0.2067532202698569,黒字,pl_styleB_202401.csv
2024-02-02,REC-0264,渋谷店,385436,130342,125952,18456,274750,110686,0.33816768542637426,0.32677798648802914,0.2871708921844353,黒字,pl_styleB_202401.csv
2024-03-13,REC-0265,新宿店,276816,90084,93237,18137,201458,75358,0.3254291659441651,0.3368194035026877,0.2722313739090226,黒字,pl_styleB_202401.csv
2024-02-25,REC-0266,品川店,321634,87790,85704,31145,204639,116995,0.2729499990672628,0.2664643663294303,0.3637519665209524,黒字,pl_styleB_202401.csv
2024-01-07,REC-0267,品川店,421894,119742,145447,44006,309195,112699,0.2838201064722418,0.34474773284284677,0.2671263397915116,黒字,pl_styleB_202401.csv
2024-03-22,REC-0268,池袋店,198923,74972,54715,46099,175786,23137,0.37688955022797765,0.27505617751592326,0.11631133654730726,黒字,pl_styleB_202401.csv
2024-03-19,REC-0269,銀座店,193891,52113,54344,44962,151419,42472,0.26877472394283386,0.28028118891542153,0.21905091004739777,黒字,pl_styleB_202401.csv
2024-01-23,REC-0270,品川店,98983,32207,26414,48053,106674,-7691,0.32537910550296517,0.2668539042057727,-0.07770021114736873,赤字,pl_styleB_202401.csv
2024-02-15,REC-0271,銀座店,130842,36070,40881,49658,126609,4233,0.2756760061753871,0.31244554500848354,0.03235199706516256,黒字,pl_styleB_202401.csv
2024-02-26,REC-0272,新宿店,227009,85441,69546,11859,166846,60163,0.3763771480425886,0.3063578977044963,0.2650247347021484,黒字,pl_styleB_202401.csv
2024-02-29,REC-0273,池袋店,92584,23777,29084,47799,100660,-8076,0.2568154324721334,0.314136351853452,-0.08722889484144128,赤字,pl_styleB_202401.csv
2024-03-09,REC-0274,渋谷店,188755,65624,61665,37301,164590,24165,0.3476676114540012,0.3266933326269503,0.12802309872586157,黒字,pl_styleB_202401.csv
2024-01-30,REC-0275,渋谷店,374066,129370,112146,45754,287270,86796,0.345848058898697,0.2998027086129186,0.23203391914795785,黒字,pl_styleB_202401.csv
2024-03-12,REC-0276,池袋店,201871,69905,56566,26048,152519,49352,0.34628549915540124,0.2802086480970521,0.24447295550128548,黒字,pl_styleB_202401.csv
2024-04-04,REC-0277,銀座店,471888,175118,137135,39723,351976,119912,0.37110076967415995,0.29060921235547416,0.2541111450174618,黒字,pl_styleB_202401.csv
2024-01-16,REC-0278,新宿店,88258,31180,23459,37238,91877,-3619,0.35328242199007454,0.2658002673978563,-0.04100478143624374,赤字,pl_styleB_202401.csv
2024-03-17,REC-0279,銀座店,303887,97142,86309,19415,202866,101021,0.31966487543066996,0.2840167562284665,0.3324294885927993,黒字,pl_styleB_202401.csv
2024-01-20,REC-0280,品川店,213883,81109,60300,32634,174043,39840,0.37922134999041535,0.28192984014624817,0.18627006353941172,黒字,pl_styleB_202401.csv
2024-01-09,REC-0281,新宿店,259042,69841,74359,46808,191008,68034,0.2696126496861513,0.2870538368295489,0.262636946904363,黒字,pl_styleB_202401.csv
2024-01-19,REC-0282,池袋店,105670,31475,31346,27529,90350,15320,0.29786126620611336,0.29664048452730196,0.14497965363868648,黒字,pl_styleB_202401.csv
2024-02-22,REC-0283,渋谷店,285717,82054,74195,29019,185268,100449,0.28718627173041855,0.2596800330396861,0.35156816010247904,黒字,pl_styleB_202401.csv
2024-01-10,REC-0284,池袋店,251405,95439,73363,20466,189268,62137,0.3796225214295658,0.2918120164674529,0.24715896660766493,黒字,pl_styleB_202401.csv
2024-02-17,REC-0285,銀座店,476496,142527,146650,30494,319671,156825,0.29911478795205,0.3077675363486787,0.3291213357509822,黒字,pl_styleB_202401.csv
2024-01-09,REC-0286,銀座店,149527,54497,44832,43733,143062,6465,0.3644626054157443,0.29982544958435603,0.043236338587679814,黒字,pl_styleB_202401.csv
2024-02-11,REC-0287,渋谷店,294745,95737,82780,11518,190035,104710,0.3248129739266145,0.2808529406775348,0.3552562384434002,黒字,pl_styleB_202401.csv
2024-01-22,REC-0288,池袋店,97211,38085,29216,25776,93077,4134,0.3917766507905484,0.30054211971896183,0.04252605157852506,黒字,pl_styleB_202401.csv
2024-01-20,REC-0289,新宿店,162797,54944,41491,28438,124873,37924,0.3375000767827417,0.2548634188590699,0.2329526956884955,黒字,pl_styleB_202401.csv
2024-03-24,REC-0290,新宿店,309467,105103,103450,40840,249393,60074,0.339625872871744,0.334284430973254,0.19412085941312,黒字,pl_styleB_202401.csv
2024-02-22,REC-0291,池袋店,199814,66039,66881,38241,171161,28653,0.3305023672014974,0.33471628614611587,0.143398360475242,黒字,pl_styleB_202401.csv
2024-03-18,REC-0292,渋谷店,120220,45968,38801,36427,121196,-976,0.382365662951256,0.3227499584095824,-0.008118449509233072,赤字,pl_styleB_202401.csv
2024-02-14,REC-0293,銀座店,241856,62105,61701,46819,170625,71231,0.2567850291082297,0.2551146136544059,0.2945182257210902,黒字,pl_styleB_202401.csv
2024-03-03,REC-0294,新宿店,152055,46282,42402,35319,124003,28052,0.3043767057972444,0.2788596231626714,0.18448587682088718,黒字,pl_styleB_202401.csv
2024-02-10,REC-0295,新宿店,314375,99830,95879,17786,213495,100880,0.3175506958250497,0.30498290258449307,0.3208906560636183,黒字,pl_styleB_202401.csv
2024-01-08,REC-0296,新宿店,117456,46543,33990,32222,112755,4701,0.3962590246560414,0.2893849611769514,0.040023498161013485,黒字,pl_styleB_202401.csv
2024-02-05,REC-0297,銀座店,342464,133849,111470,23045,268364,74100,0.39084108110633525,0.32549406652962065,0.21637310783031208,黒字,pl_styleB_202401.csv
2024-02-27,REC-0298,新宿店,365864,119406,109762,12969,242137,123727,0.32636717468786214,0.3000076531170052,0.3381775741805698,黒字,pl_styleB_202401.csv
2024-02-17,REC-0299,新宿店,70402,19047,19945,41047,80039,-9637,0.27054629129854263,0.2833016107496946,-0.13688531575807505,赤字,pl_styleB_202401.csv
2024-02-19,REC-0300,品川店,322279,102661,100108,43784,246553,75726,0.31854697327470916,0.31062526568594295,0.23497032074693044,黒字,pl_styleB_202401.csv
2024-02-24,REC-0301,銀座店,123285,36886,38379,20649,95914,27371,0.29919292695786187,0.31130307823336173,0.22201403252626029,黒字,pl_styleB_202401.csv
2024-03-07,REC-0302,銀座店,256021,102048,82933,29610,214591,41430,0.3985923029751466,0.32393045882954913,0.16182266298467704,黒字,pl_styleB_202401.csv
2024-03-01,REC-0303,池袋店,361282,108549,120245,44887,273681,87601,0.3004550461965999,0.33282864908852366,0.24247263910186503,黒字,pl_styleB_202401.csv
2024-03-08,REC-0304,銀座店,306820,109323,85903,11090,206316,100504,0.35630988853399387,0.2799784890163614,0.32756665145688024,黒字,pl_styleB_202401.csv
2024-01-14,REC-0305,銀座店,243125,72861,63446,37298,173605,69520,0.2996853470437018,0.26096041131105396,0.2859434447300771,黒字,pl_styleB_202401.csv
2024-01-02,REC-0306,新宿店,356028,105438,121005,11746,238189,117839,0.2961508645387441,0.3398749536553305,0.33098239464311796,黒字,pl_styleB_202401.csv
2024-02-13,REC-0307,品川店,362952,116576,125838,47910,290324,72628,0.3211884767131742,0.3467070025788534,0.2001035949657255,黒字,pl_styleB_202401.csv
2024-04-05,REC-0308,新宿店,352846,100254,90023,41486,231763,121083,0.28412962028760425,0.25513396779331493,0.34316103909354223,黒字,pl_styleB_202401.csv
2024-02-12,REC-0309,新宿店,139397,45810,44902,34916,125628,13769,0.3286297409556877,0.3221159709319426,0.09877543993055804,黒字,pl_styleB_202401.csv
2024-02-01,REC-0310,池袋店,127477,47580,34956,47523,130059,-2582,0.3732438008425049,0.27421417196827663,-0.02025463416930113,赤字,pl_styleB_202401.csv
2024-03-28,REC-0311,池袋店,417274,111196,105108,30558,246862,170412,0.26648197587196903,0.2518920421593485,0.4083935255970897,黒字,pl_styleB_202401.csv
2024-03-09,REC-0312,池袋店,269561,73513,86003,36894,196410,73151,0.27271378278014996,0.31904837866011776,0.2713708585440772,黒字,pl_styleB_202401.csv
2024-03-06,REC-0313,銀座店,313097,114670,107095,14081,235846,77251,0.36624432683800867,0.34205054663570716,0.24673184348620394,黒字,pl_styleB_202401.csv
2024-01-19,REC-0314,品川店,420029,113707,113716,31302,258725,161304,0.27071226034392865,0.2707336874358675,0.38403062645674463,黒字,pl_styleB_202401.csv
2024-03-27,REC-0315,新宿店,397197,127800,114266,21349,263415,133782,0.3217546960324474,0.28768092407545875,0.3368152327434497,黒字,pl_styleB_202401.csv
2024-03-20,REC-0316,渋谷店,290996,112562,82710,33218,228490,62506,0.38681631362630414,0.2842307110750663,0.21480020343922254,黒字,pl_styleB_202401.csv
2024-02-19,REC-0317,渋谷店,404349,147910,130237,27325,305472,98877,0.36579786273738774,0.32209057027468846,0.24453380619217557,黒字,pl_styleB_202401.csv
2024-01-12,REC-0318,池袋店,369855,119325,127871,28284,275480,94375,0.3226264346838626,0.3457327871733517,0.2551675656676265,黒字,pl_styleB_202401.csv
2024-01-25,REC-0319,銀座店,342598,100989,117904,29504,248397,94201,0.2947740500528316,0.3441467842777833,0.2749607411601936,黒字,pl_styleB_202401.csv
2024-02-08,REC-0320,新宿店,454317,133274,122996,42047,298317,156000,0.2933502378295331,0.27072726752465787,0.34337257905823465,黒字,pl_styleB_202401.csv
2024-03-12,REC-0321,品川店,373923,129249,128401,41667,299317,74606,0.3456567261174092,0.34338887952867303,0.19952236155572137,黒字,pl_styleC_202401.csv
2024-01-19,REC-0322,新宿店,395654,127866,99175,46152,273193,122461,0.32317631061483015,0.2506609310154832,0.30951538465426864,黒字,pl_styleC_202401.csv
2024-01-05,REC-0323,池袋店,265659,66886,80479,28005,175370,90289,0.2517738905890634,0.30294098825938515,0.3398680263043977,黒字,pl_styleC_202401.csv
2024-02-25,REC-0324,品川店,330881,131234,83287,38218,252739,78142,0.39661993284594765,0.2517128514481037,0.2361634545350141,黒字,pl_styleC_202401.csv
2024-01-24,REC-0325,新宿店,472664,184791,126639,16312,327742,144922,0.3909563664675118,0.2679260531794255,0.3066068073726791,黒字,pl_styleC_202401.csv
2024-02-06,REC-0326,銀座店,324928,88489,87468,44501,220458,104470,0.2723341786488084,0.26919194406145364,0.3215173823123892,黒字,pl_styleC_202401.csv
2024-01-03,REC-0327,銀座店,182339,67881,50459,36011,154351,27988,0.37227910649943236,0.276731801753876,0.1534943155331553,黒字,pl_styleC_202401.csv
2024-04-03,REC-0328,池袋店,91428,27973,26569,47027,101569,-10141,0.3059565997287483,0.29060025375158594,-0.1109178807367546,赤字,pl_styleC_202401.csv
2024-03-10,REC-0329,品川店,177510,70743,48386,15283,134412,43098,0.39852966030082815,0.27258182637597883,0.24279195538279533,黒字,pl_styleC_202401.csv
2024-03-08,REC-0330,池袋店,392745,156607,123710,12076,292393,100352,0.3987498249500312,0.31498809660212096,0.2555143922901628,黒字,pl_styleC_202401.csv
2024-02-18,REC-0331,渋谷店,99021,30774,28490,41195,100459,-1438,0.3107825612748811,0.2877167469526666,-0.014522172064511568,赤字,pl_styleC_202401.csv
2024-01-27,REC-0332,池袋店,79420,27440,25436,15418,68294,11126,0.3455049106018635,0.32027197179551753,0.1400906572651725,黒字,pl_styleC_202401.csv
2024-03-27,REC-0333,渋谷店,312069,117587,98142,31710,247439,64630,0.37679807991181435,0.3144881420455092,0.20710163457440503,黒字,pl_styleC_202401.csv
2024-02-12,REC-0334,品川店,346671,137489,120427,44613,302529,44142,0.3965979271412953,0.3473812346576437,0.12733110066893394,黒字,pl_styleC_202401.csv
2024-01-31,REC-0335,渋谷店,72309,20569,24594,47144,92307,-19998,0.28445974913219657,0.340123636061901,-0.2765630834335975,赤字,pl_styleC_202401.csv
2024-01-13,REC-0336,品川店,299299,86995,102484,28374,217853,81446,0.2906625147427823,0.34241343940340596,0.27212252630312833,黒字,pl_styleC_202401.csv
2024-01-26,REC-0337,渋谷店,334704,111967,84777,30610,227354,107350,0.3345254314259764,0.2532894736842105,0.3207311534968211,黒字,pl_styleC_202401.csv
2024-03-17,REC-0338,品川店,58209,22947,17969,36102,77018,-18809,0.39421738906354686,0.30869796766823,-0.32312872579841606,赤字,pl_styleC_202401.csv
2024-01-25,REC-0339,銀座店,90337,26639,27678,47138,101455,-11118,0.2948847094767371,0.3063860876495788,-0.12307249521237146,赤字,pl_styleC_202401.csv
2024-01-11,REC-0340,銀座店,487597,184027,154911,45426,384364,103233,0.37741618590762455,0.31770293910750064,0.21171787357182265,黒字,pl_styleC_202401.csv
2024-02-14,REC-0341,品川店,223921,68872,72544,15139,156555,67366,0.3075727600359055,0.32397140062790003,0.3008471737800385,黒字,pl_styleC_202401.csv
2024-03-17,REC-0342,渋谷店,312559,113089,88949,16401,218439,94120,0.361816489046868,0.2845830707162488,0.30112714719460965,黒字,pl_styleC_202401.csv
2024-03-16,REC-0343,池袋店,279160,79510,71912,49660,201082,78078,0.28481874194010603,0.25760137555523716,0.2796890672016048,黒字,pl_styleC_202401.csv
2024-01-15,REC-0344,池袋店,453180,155023,140286,31389,326698,126482,0.3420782029215764,0.309559115583212,0.2790988128337526,黒字,pl_styleC_202401.csv
2024-03-27,REC-0345,品川店,65532,22616,21517,39527,83660,-18128,0.34511383751449676,0.328343404748825,-0.276628212171153,赤字,pl_styleC_202401.csv
2024-03-24,REC-0346,渋谷店,307217,87317,93794,34603,215714,91503,0.2842192977602151,0.3053021154428303,0.29784484582558907,黒字,pl_styleC_202401.csv
2024-02-07,REC-0347,品川店,276412,76804,85297,34908,197009,79403,0.2778605849239541,0.30858645789618394,0.2872632157793439,黒字,pl_styleC_202401.csv
2024-02-27,REC-0348,品川店,94928,34727,26535,26151,87413,7515,0.3658246249789314,0.2795276420023597,0.07916526209337603,黒字,pl_styleC_202401.csv
2024-03-11,REC-0349,池袋店,423874,110642,117327,34903,262872,161002,0.2610256821602646,0.27679687831761324,0.3798345734817422,黒字,pl_styleC_202401.csv
2024-02-09,REC-0350,渋谷店,423123,155533,112308,35534,303375,119748,0.36758342136919997,0.26542636538311554,0.28300990492126404,黒字,pl_styleC_202401.csv
2024-04-05,REC-0351,池袋店,216030,65695,55984,30202,151881,64149,0.30410128222932,0.25914919224181826,0.2969448687682266,黒字,pl_styleC_202401.csv
2024-02-10,REC-0352,渋谷店,283169,86079,78431,18683,183193,99976,0.30398454633098965,0.2769759401629416,0.35306124611097967,黒字,pl_styleC_202401.csv
2024-03-06,REC-0353,品川店,95768,26633,28240,46355,101228,-5460,0.2780991562943781,0.2948792916214184,-0.057012780887143934,赤字,pl_styleC_202401.csv
2024-03-02,REC-0354,新宿店,318666,99170,80503,33194,212867,105799,0.31120357992380737,0.2526250054916433,0.33200592469858725,黒字,pl_styleC_202401.csv
2024-03-19,REC-0355,新宿店,340570,89896,105510,31261,226667,113903,0.26395748304313355,0.3098041518630531,0.3344481310743753,黒字,pl_styleC_202401.csv
2024-02-07,REC-0356,池袋店,251975,63460,73420,15550,152430,99545,0.2518503819823395,0.29137811290802657,0.3950590336342891,黒字,pl_styleC_202401.csv
2024-01-09,REC-0357,銀座店,430026,165633,146432,25908,337973,92053,0.38516973392306514,0.3405189453660941,0.2140638007934404,黒字,pl_styleC_202401.csv
2024-03-25,REC-0358,新宿店,349871,114815,111444,21108,247367,102504,0.3281638089467261,0.3185288291970469,0.2929765542156966,黒字,pl_styleC_202401.csv
2024-02-27,REC-0359,渋谷店,122792,35651,33993,19563,89207,33585,0.2903365040067757,0.27683399570004563,0.2735113036679914,黒字,pl_styleC_202401.csv
2024-02-08,REC-0360,池袋店,83170,22878,23087,29644,75609,7561,0.2750751472886858,0.2775880726223398,0.0909101839605627,黒字,pl_styleC_202401.csv
2024-02-23,REC-0361,渋谷店,303876,111644,86942,26160,224746,79130,0.367399860469402,0.2861101238663139,0.2604022693467072,黒字,pl_styleC_202401.csv
2024-01-18,REC-0362,池袋店,427958,147112,132401,22815,302328,125630,0.3437533589744788,0.30937849041261056,0.29355684436323193,黒字,pl_styleC_202401.csv
2024-02-08,REC-0363,渋谷店,290051,77166,81349,35932,194447,95604,0.266042868323157,0.28046447004147546,0.3296109994449252,黒字,pl_styleC_202401.csv
2024-04-03,REC-0364,新宿店,224177,84344,64560,31596,180500,43677,0.3762384187494703,0.2879867247755122,0.19483265455421386,黒字,pl_styleC_202401.csv
2024-01-14,REC-0365,新宿店,280803,84299,93099,48954,226352,54451,0.300206906621368,0.33154560314526554,0.1939117459571301,黒字,pl_styleC_202401.csv
2024-03-28,REC-0366,池袋店,121368,35811,37663,23163,96637,24731,0.2950613011666996,0.31032067760859533,0.2037687034473667,黒字,pl_styleC_202401.csv
2024-03-19,REC-0367,渋谷店,301139,89476,104331,30915,224722,76417,0.2971252478091513,0.34645462726515,0.25375989161151496,黒字,pl_styleC_202401.csv
2024-01-14,REC-0368,品川店,202802,73055,63535,47740,184330,18472,0.36022820287768365,0.3132858650309169,0.09108391435981894,黒字,pl_styleC_202401.csv
2024-01-16,REC-0369,品川店,459979,131721,132292,35751,299764,160215,0.2863630730968153,0.2876044341154705,0.3483093793412308,黒字,pl_styleC_202401.csv
2024-03-18,REC-0370,渋谷店,241373,64466,73953,48812,187231,54142,0.26708041081645423,0.3063847240577861,0.22430843549195642,黒字,pl_styleC_202401.csv
2024-02-25,REC-0371,池袋店,336066,93086,109813,11763,214662,121404,0.2769872584551844,0.32676021971874575,0.3612504686579422,黒字,pl_styleC_202401.csv
2024-02-04,REC-0372,渋谷店,431269,137679,138366,38734,314779,116490,0.31924158703732475,0.32083456033241436,0.2701098386389933,黒字,pl_styleC_202401.csv
2024-01-04,REC-0373,新宿店,468216,137514,149493,36813,323820,144396,0.29369778051155876,0.31928212619816493,0.3083961248654467,黒字,pl_styleC_202401.csv
2024-03-18,REC-0374,銀座店,402834,130878,126221,25861,282960,119874,0.3248931321586559,0.3133325389614581,0.2975766692980235,黒字,pl_styleC_202401.csv
2024-01-21,REC-0375,新宿店,182477,63647,58670,34706,157023,25454,0.34879464261249365,0.3215199723800808,0.13949155236002345,黒字,pl_styleC_202401.csv
2024-02-06,REC-0376,池袋店,88779,28174,27503,48157,103834,-15055,0.3173498237195733,0.30979173002624494,-0.1695783912862276,赤字,pl_styleC_202401.csv
2024-01-26,REC-0377,品川店,260137,85885,89057,37413,212355,47782,0.3301529578645099,0.3423465327884922,0.18368013777355777,黒字,pl_styleC_202401.csv
2024-02-06,REC-0378,渋谷店,335026,85604,116201,45186,246991,88035,0.2555144973822927,0.3468417376561819,0.26277065063607,黒字,pl_styleC_202401.csv
2024-03-13,REC-0379,品川店,361332,124922,93403,26268,244593,116739,0.3457263679939778,0.2584963413149126,0.32307960545979875,黒字,pl_styleC_202401.csv
2024-03-24,REC-0380,池袋店,394772,138053,105259,12903,256215,138557,0.3497031197754653,0.26663238527555144,0.3509798060652731,黒字,pl_styleC_202401.csv
2024-03-13,REC-0381,池袋店,345289,137266,109714,36189,283169,62120,0.39753945245866507,0.31774542484701224,0.17990726608724866,黒字,pl_styleC_202401.csv
2024-02-16,REC-0382,新宿店,444622,133270,146557,16943,296770,147852,0.2997377547669706,0.3296215661843094,0.3325341526060339,黒字,pl_styleC_202401.csv
2024-02-22,REC-0383,渋谷店,55530,14703,15115,43999,73817,-18287,0.2647757968665586,0.2721952097965064,-0.32931748604358,赤字,pl_styleC_202401.csv
2024-02-22,REC-0384,品川店,342549,115465,105341,39214,260020,82529,0.3370758635990763,0.3075209678031464,0.24092611567980055,黒字,pl_styleC_202401.csv
2024-04-01,REC-0385,渋谷店,246146,75977,80547,48573,205097,41049,0.3086664012415396,0.3272326180397,0.16676687819424243,黒字,pl_styleC_202401.csv
2024-02-02,REC-0386,新宿店,411987,133924,117208,11609,262741,149246,0.32506850944325916,0.2844944136586834,0.3622590033180659,黒字,pl_styleC_202401.csv
2024-03-22,REC-0387,渋谷店,303111,80531,88386,15626,184543,118568,0.2656815490035004,0.291596147945802,0.3911702313673869,黒字,pl_styleC_202401.csv
2024-03-11,REC-0388,品川店,110853,41536,35807,32828,110171,682,0.3746944151263385,0.32301336003536213,0.006152291773790515,黒字,pl_styleC_202401.csv
2024-02-10,REC-0389,新宿店,213520,64367,70125,44151,178643,34877,0.30145653802922445,0.3284235668789809,0.16334301236418133,黒字,pl_styleC_202401.csv
2024-01-14,REC-0390,渋谷店,303192,91638,78757,39651,210046,93146,0.3022441225362147,0.2597594923348901,0.3072178685453442,黒字,pl_styleC_202401.csv
2024-02-19,REC-0391,銀座店,217200,56488,55270,17542,129300,87900,0.260073664825046,0.2544659300184162,0.4046961325966851,黒字,pl_styleC_202401.csv
2024-01-07,REC-0392,銀座店,61841,23337,19467,20771,63575,-1734,0.37737099982212446,0.3147911579696318,-0.028039650070341683,赤字,pl_styleC_202401.csv
2024-02-09,REC-0393,銀座店,438229,125590,117202,20494,263286,174943,0.28658532411136645,0.26744464652042654,0.3992045254878157,黒字,pl_styleC_202401.csv
2024-02-14,REC-0394,新宿店,223533,74654,77308,25194,177156,46377,0.3339730599061436,0.3458460272085106,0.20747272214840762,黒字,pl_styleC_202401.csv
2024-02-05,REC-0395,渋谷店,468253,145512,125700,38320,309532,158721,0.3107550832562739,0.26844462288549137,0.3389641924344318,黒字,pl_styleC_202401.csv
2024-02-15,REC-0396,渋谷店,257399,65476,80156,22931,168563,88836,0.25437550262433034,0.3114075812260343,0.345129545957832,黒字,pl_styleC_202401.csv
2024-01-23,REC-0397,渋谷店,285706,96805,82535,24076,203416,82290,0.3388273259924538,0.28888087754544883,0.2880233526772276,黒字,pl_styleC_202401.csv
2024-03-13,REC-0398,新宿店,157890,46064,50584,14100,110748,47142,0.29174741908923935,0.32037494458167076,0.29857495724871747,黒字,pl_styleC_202401.csv
2024-02-29,REC-0399,品川店,352696,93557,118928,22252,234737,117959,0.2652624356386236,0.33719690611744957,0.3344494975843219,黒字,pl_styleC_202401.csv
2024-03-21,REC-0400,品川店,241780,72267,71507,27193,170967,70813,0.29889569029696417,0.2957523368351394,0.2928819588055257,黒字,pl_styleC_202401.csv
2024-03-15,REC-0401,銀座店,401640,152380,121605,30539,304524,97116,0.37939448262125286,0.30277113833283537,0.24179862563489693,黒字,pl_styleC_202401.csv
2024-01-11,REC-0402,渋谷店,362984,111906,104994,17486,234386,128598,0.3082945804773764,0.2892524188393979,0.3542800784607586,黒字,pl_styleC_202401.csv
2024-01-20,REC-0403,品川店,232412,70373,68744,21306,160423,71989,0.3027941758601105,0.2957850713388293,0.30974734523174363,黒字,pl_styleC_202401.csv
2024-03-16,REC-0404,渋谷店,476633,167316,157318,48677,373311,103322,0.35103738096187215,0.33006107424370534,0.21677475122368783,黒字,pl_styleC_202401.csv
2024-03-28,REC-0405,渋谷店,94434,33129,26566,25635,85330,9104,0.3508164432301925,0.28131816930342884,0.09640595548213567,黒字,pl_styleC_202401.csv
2024-01-19,REC-0406,銀座店,210107,56212,60370,19264,135846,74261,0.2675398725411338,0.28732978910745477,0.3534437215323621,黒字,pl_styleC_202401.csv
2024-02-02,REC-0407,銀座店,317819,97973,98410,47670,244053,73766,0.3082666549199387,0.3096416513801881,0.2321006610680922,黒字,pl_styleC_202401.csv
2024-02-13,REC-0408,品川店,251174,78731,75017,45217,198965,52209,0.3134520292705455,0.2986654669671224,0.20785988995676305,黒字,pl_styleC_202401.csv
2024-03-09,REC-0409,品川店,413558,160408,141879,21353,323640,89918,0.38787304320071186,0.34306917046702035,0.21742536717945246,黒字,pl_styleC_202401.csv
2024-03-25,REC-0410,渋谷店,340934,93767,95080,22261,211108,129826,0.27502977115805405,0.27888095643145006,0.3807951099039697,黒字,pl_styleC_202401.csv
2024-02-11,REC-0411,新宿店,214930,80877,67045,33529,181451,33479,0.37629460754664307,0.31193877076257387,0.15576699390499232,黒字,pl_styleC_202401.csv
2024-03-26,REC-0412,銀座店,55024,17755,14829,35162,67746,-12722,0.3226773771445188,0.26950058156440826,-0.23120820005815645,赤字,pl_styleC_202401.csv
2024-02-20,REC-0413,品川店,344430,112220,103155,42225,257600,86830,0.3258136631536161,0.2994948175246059,0.2520976686119095,黒字,pl_styleC_202401.csv
2024-01-29,REC-0414,銀座店,267910,95515,78868,20961,195344,72566,0.3565189802545631,0.29438244186480533,0.27085961703557165,黒字,pl_styleC_202401.csv
2024-01-06,REC-0415,池袋店,93343,31252,30764,24452,86468,6875,0.3348081805812969,0.3295801506272565,0.07365308593038578,黒字,pl_styleC_202401.csv
2024-03-02,REC-0416,品川店,203139,51780,55352,28918,136050,67089,0.25489935462909635,0.27248337345364504,0.3302615450504334,黒字,pl_styleC_202401.csv
2024-01-18,REC-0417,渋谷店,138189,50730,42363,42460,135553,2636,0.36710592015283416,0.3065584091353147,0.019075324374588427,黒字,pl_styleC_202401.csv
2024-02-24,REC-0418,池袋店,338214,110467,103923,27556,241946,96268,0.3266186497306439,0.3072699533431496,0.28463635449744834,黒字,pl_styleC_202401.csv
2024-01-16,REC-0419,渋谷店,456382,151275,159318,45523,356116,100266,0.331465745800667,0.34908914023778326,0.21969753408328987,黒字,pl_styleC_202401.csv
2024-01-29,REC-0420,品川店,481285,174955,156899,38925,370779,110506,0.36351641958506914,0.32600018699938704,0.22960615851314709,黒字,pl_styleC_202401.csv
2024-01-30,REC-0421,品川店,336446,95140,98415,26222,219777,116669,0.2827794059076345,0.29251350885431837,0.3467688722707359,黒字,pl_styleC_202401.csv
2024-01-02,REC-0422,品川店,206085,78564,52185,27223,157972,48113,0.38122134070893077,0.25322075842492175,0.23346192105199312,黒字,pl_styleC_202401.csv
2024-03-26,REC-0423,渋谷店,232754,88290,60213,17693,166196,66558,0.3793275303539359,0.25869802452374613,0.28595856569597083,黒字,pl_styleC_202401.csv
2024-04-04,REC-0424,銀座店,456654,169776,123747,48530,342053,114601,0.37178257499113115,0.2709863485264555,0.25095805577089,黒字,pl_styleC_202401.csv
2024-02-02,REC-0425,渋谷店,411304,124458,132059,38060,294577,116727,0.302593701981989,0.32107395016824536,0.2837973858751678,黒字,pl_styleC_202401.csv
2024-01-18,REC-0426,新宿店,137022,46919,45009,23562,115490,21532,0.342419465487294,0.3284800980864387,0.15714264862576813,黒字,pl_styleC_202401.csv
2024-03-30,REC-0427,品川店,472282,122275,134638,28421,285334,186948,0.2589025201045138,0.2850796769726562,0.39583977369452994,黒字,pl_styleC_202401.csv
2024-02-26,REC-0428,池袋店,362925,120061,102477,29178,251716,111209,0.33081490666115587,0.2823641248191775,0.3064241923262382,黒字,pl_styleC_202401.csv
2024-01-02,REC-0429,新宿店,201693,67750,69632,43712,181094,20599,0.3359065510454007,0.34523756402056593,0.102130465608623,黒字,pl_styleC_202401.csv
2024-01-05,REC-0430,品川店,406148,151199,107043,36974,295216,110932,0.37227562366428,0.26355663452731515,0.27313196174793425,黒字,pl_styleC_202401.csv
2024-03-08,REC-0431,銀座店,81082,32341,27300,18315,77956,3126,0.39886781283145456,0.3366961841099134,0.038553563059618656,黒字,pl_styleC_202401.csv
2024-01-19,REC-0432,池袋店,417749,158707,114867,31108,304682,113067,0.3799099459244666,0.27496654689777833,0.27065773945598914,黒字,pl_styleC_202401.csv
2024-03-03,REC-0433,渋谷店,484363,139076,161949,35736,336761,147602,0.2871317586190522,0.3343546059463667,0.3047342592229382,黒字,pl_styleC_202401.csv
2024-03-31,REC-0434,品川店,306617,83193,96044,37146,216383,90234,0.2713254646676473,0.31323768740806934,0.2942889663652048,黒字,pl_styleC_202401.csv
2024-02-10,REC-0435,品川店,246698,78400,77305,16101,171806,74892,0.31779746897015787,0.3133588436063527,0.3035776536494013,黒字,pl_styleC_202401.csv
2024-03-12,REC-0436,渋谷店,261209,85504,72569,34187,192260,68949,0.32733941020408946,0.27781967696365745,0.26396104268995324,黒字,pl_styleC_202401.csv
2024-02-01,REC-0437,銀座店,288391,113204,81536,10162,204902,83489,0.39253652159741464,0.28272726957498673,0.28949932556841235,黒字,pl_styleC_202401.csv
2024-01-03,REC-0438,渋谷店,455869,171896,118213,40044,330153,125716,0.3770732381451689,0.2593135308608394,0.2757722064891449,黒字,pl_styleC_202401.csv
2024-04-05,REC-0439,品川店,382839,133848,109423,14150,257421,125418,0.3496195528668709,0.2858198877334859,0.3275998526795859,黒字,pl_styleC_202401.csv
2024-01-09,REC-0440,池袋店,467164,154240,126967,38157,319364,147800,0.330162426899333,0.2717825003638979,0.3163771180998536,黒字,pl_styleC_202401.csv
2024-03-26,REC-0441,池袋店,482457,135945,133569,28585,298099,184358,0.28177640701658385,0.2768516157916664,0.382123173671436,黒字,pl_styleC_202401.csv
2024-02-13,REC-0442,池袋店,227080,75412,59735,41807,176954,50126,0.332094416064823,0.263057072397393,0.22074158886735953,黒字,pl_styleC_202401.csv
2024-02-28,REC-0443,新宿店,463298,139712,147446,13172,300330,162968,0.30155968728550525,0.31825304663521103,0.35175632098562915,黒字,pl_styleC_202401.csv
2024-01-10,REC-0444,品川店,74087,19628,24329,40119,84076,-9989,0.26493176940623864,0.3283841969576309,-0.13482797251879547,赤字,pl_styleC_202401.csv
2024-02-21,REC-0445,品川店,58536,15724,19654,38920,74298,-15762,0.2686210195435288,0.3357591909252426,-0.26927019270192704,赤字,pl_styleC_202401.csv
2024-03-20,REC-0446,池袋店,289346,72365,100056,23259,195680,93666,0.2500984979920234,0.345800529469908,0.32371624283729517,黒字,pl_styleC_202401.csv
2024-03-09,REC-0447,新宿店,411020,158822,139013,29783,327618,83402,0.38640942046615734,0.338214685416768,0.20291470001459783,黒字,pl_styleC_202401.csv
2024-01-29,REC-0448,新宿店,133349,50827,45026,16117,111970,21379,0.3811577139686087,0.3376553254992538,0.16032366196971856,黒字,pl_styleC_202401.csv
2024-02-01,REC-0449,新宿店,393192,119556,101538,20847,241941,151251,0.30406518952572786,0.2582402490386376,0.38467466276017825,黒字,pl_styleC_202401.csv
2024-03-20,REC-0450,新宿店,77151,23874,21644,25344,70862,6289,0.30944511412684217,0.28054075773483167,0.08151546966338738,黒字,pl_styleC_202401.csv
2024-02-11,REC-0451,品川店,275040,95802,88114,10071,193987,81053,0.3483202443280977,0.3203679464805119,0.29469531704479346,黒字,pl_styleC_202401.csv
2024-03-04,REC-0452,新宿店,161894,52052,42621,24823,119496,42398,0.32151901861711984,0.26326485231077124,0.26188740781004854,黒字,pl_styleC_202401.csv
2024-02-04,REC-0453,銀座店,322338,113462,80883,32516,226861,95477,0.3519969721224305,0.2509260465722316,0.2962015027703839,黒字,pl_styleC_202401.csv
2024-02-13,REC-0454,渋谷店,478400,128253,160758,18662,307673,170727,0.2680873745819398,0.33603260869565216,0.3568708193979933,黒字,pl_styleC_202401.csv
2024-03-03,REC-0455,銀座店,300452,78305,86622,16712,181639,118813,0.26062399318360335,0.2883056195332366,0.3954475257279033,黒字,pl_styleC_202401.csv
2024-01-25,REC-0456,新宿店,104107,30920,35198,18986,85104,19003,0.29700212281594895,0.3380944605069784,0.1825333551058046,黒字,pl_styleC_202401.csv
2024-01-10,REC-0457,池袋店,250656,91744,81542,18725,192011,58645,0.36601557513085664,0.3253143750797906,0.23396607302438402,黒字,pl_styleC_202401.csv
2024-02-17,REC-0458,渋谷店,386370,154138,102111,44767,301016,85354,0.3989388410073246,0.2642829412221446,0.22091259673370087,黒字,pl_styleC_202401.csv
2024-02-01,REC-0459,渋谷店,345326,86770,108778,38842,234390,110936,0.2512698146099628,0.31500089770246087,0.32125006515582377,黒字,pl_styleC_202401.csv
2024-01-08,REC-0460,銀座店,234123,83901,73235,19920,177056,57067,0.35836291180277036,0.3128056619810954,0.24374794445654635,黒字,pl_styleC_202401.csv
2024-02-19,REC-0461,品川店,265854,91031,78224,24237,193492,72362,0.3424097436939072,0.29423668630150385,0.2721869898515727,黒字,pl_styleC_202401.csv
2024-01-22,REC-0462,新宿店,95449,36699,25198,18071,79968,15481,0.38448805121059415,0.2639943844356672,0.16219132730568156,黒字,pl_styleC_202401.csv
2024-02-18,REC-0463,池袋店,359106,129099,102400,38140,269639,89467,0.3595010943843879,0.28515257333489274,0.2491381374858677,黒字,pl_styleC_202401.csv
2024-01-27,REC-0464,品川店,214890,79221,59047,15521,153789,61101,0.3686583833589278,0.27477779328959,0.2843361719949742,黒字,pl_styleC_202401.csv
2024-03-18,REC-0465,品川店,180110,59978,55834,49819,165631,14479,0.3330076064627172,0.30999944478374325,0.08038976181222586,黒字,pl_styleC_202401.csv
2024-02-09,REC-0466,品川店,199380,73141,63611,29768,166520,32860,0.3668422108536463,0.3190440365131909,0.16481091383288193,黒字,pl_styleC_202401.csv
2024-02-05,REC-0467,品川店,157712,51676,47463,35673,134812,22900,0.3276605458050117,0.30094729633762807,0.14520137973014102,黒字,pl_styleC_202401.csv
2024-03-28,REC-0468,新宿店,204949,71102,67301,25685,164088,40861,0.3469253326437309,0.328379255326935,0.19937155097121723,黒字,pl_styleC_202401.csv
2024-03-04,REC-0469,銀座店,309463,95278,84826,48923,229027,80436,0.3078817176851514,0.2741070822683164,0.25992121836859333,黒字,pl_styleC_202401.csv
2024-03-30,REC-0470,銀座店,87230,28719,30335,33664,92718,-5488,0.3292330620199473,0.3477587985784707,-0.0629141350452826,赤字,pl_styleC_202401.csv
2024-04-03,REC-0471,品川店,215922,58255,72567,47249,178071,37851,0.26979650058817534,0.3360796954455776,0.1752994136771612,黒字,pl_styleC_202401.csv
2024-03-03,REC-0472,品川店,270653,82498,86147,40868,209513,61140,0.3048109572035041,0.31829316504897415,0.2258981056925288,黒字,pl_styleC_202401.csv
2024-01-29,REC-0473,池袋店,453894,118443,140133,10903,269479,184415,0.2609485915213684,0.30873507911538817,0.406295302427439,黒字,pl_styleC_202401.csv
2024-01-04,REC-0474,渋谷店,187460,52931,64159,36081,153171,34289,0.28235890323268964,0.3422543475941534,0.18291368825349408,黒字,pl_styleC_202401.csv
2024-02-09,REC-0475,池袋店,315609,92464,101393,37225,231082,84527,0.2929700990782899,0.3212614342430032,0.26782189354549457,黒字,pl_styleC_202401.csv
2024-02-12,REC-0476,渋谷店,272075,96660,70261,45164,212085,59990,0.35526968666727926,0.25824129376091154,0.22049067352752,黒字,pl_styleC_202401.csv
2024-03-29,REC-0477,池袋店,331886,113640,92180,30310,236130,95756,0.3424067300217545,0.2777459730148304,0.2885207571274474,黒字,pl_styleC_202401.csv
2024-01-12,REC-0478,新宿店,91430,29869,24715,20182,74766,16664,0.3266870830143279,0.27031608881111235,0.1822596521929345,黒字,pl_styleC_202401.csv
2024-03-26,REC-0479,品川店,331222,99039,102229,14332,215600,115622,0.29901093526396194,0.308641938035517,0.34907705406041867,黒字,pl_styleC_202401.csv
2024-01-08,REC-0480,新宿店,212618,75437,68674,25639,169750,42868,0.3548006283569594,0.32299240892116377,0.20161980641337987,黒字,pl_styleC_202401.csv
