date,route_id,area,vehicle_type,distance_km,duration_min,fuel_cost,delivery_count,delay_flag,source_file,cost_per_km,cost_per_delivery,km_per_delivery,efficiency_flag
2024-01-18,R02,東京,4tトラック,113.0,246,9892.0,58,0,routes_styleA.csv,87.53982300884955,170.55172413793105,1.9482758620689655,低効率
2024-01-07,R02,札幌,2tトラック,53.2,142,2931.0,29,1,routes_styleA.csv,55.09398496240601,101.06896551724138,1.8344827586206898,高効率
2024-01-11,R09,福岡,軽バン,47.0,93,2278.0,10,0,routes_styleA.csv,48.46808510638298,227.8,4.7,低効率
2024-01-12,R05,大阪,軽バン,77.4,100,958.0,8,0,routes_styleA.csv,12.377260981912144,119.75,9.675,高効率
2024-01-10,R10,名古屋,軽バン,63.8,124,2454.0,17,1,routes_styleA.csv,38.46394984326019,144.35294117647058,3.7529411764705882,高効率
2024-01-28,R10,名古屋,4tトラック,103.1,200,9290.0,33,0,routes_styleA.csv,90.1066925315228,281.5151515151515,3.124242424242424,低効率
2024-01-22,R04,東京,2tトラック,77.8,272,3459.0,21,0,routes_styleA.csv,44.46015424164525,164.71428571428572,3.7047619047619045,高効率
2024-01-30,R05,東京,4tトラック,156.2,340,5958.0,44,0,routes_styleA.csv,38.14340588988477,135.4090909090909,3.55,高効率
2024-01-13,R09,大阪,4tトラック,118.9,410,4448.0,17,0,routes_styleA.csv,37.40958788898234,261.6470588235294,6.9941176470588236,低効率
2024-01-13,R05,東京,軽バン,74.8,128,2020.0,11,0,routes_styleA.csv,27.00534759358289,183.63636363636363,6.8,低効率
2024-01-29,R08,大阪,2tトラック,64.0,298,4156.0,33,0,routes_styleA.csv,64.9375,125.93939393939394,1.9393939393939394,高効率
2024-01-28,R10,福岡,2tトラック,71.9,359,4038.0,12,0,routes_styleA.csv,56.16133518776078,336.5,5.991666666666667,低効率
2024-01-15,R02,大阪,4tトラック,99.2,384,8771.0,39,0,routes_styleA.csv,88.41733870967742,224.89743589743588,2.543589743589744,低効率
2024-01-25,R09,名古屋,4tトラック,183.3,183,9766.0,58,0,routes_styleA.csv,53.27877795962902,168.3793103448276,3.160344827586207,低効率
2024-01-25,R05,名古屋,軽バン,37.6,78,806.0,13,0,routes_styleA.csv,21.43617021276596,62.0,2.8923076923076922,高効率
2024-01-25,R03,札幌,軽バン,72.2,95,1886.0,11,1,routes_styleA.csv,26.121883656509695,171.45454545454547,6.5636363636363635,低効率
2024-01-29,R03,札幌,4tトラック,190.2,359,7909.0,22,0,routes_styleA.csv,41.582544689800216,359.5,8.645454545454545,低効率
2024-01-25,R05,大阪,軽バン,34.5,128,934.0,20,0,routes_styleA.csv,27.07246376811594,46.7,1.725,高効率
2024-01-30,R09,大阪,軽バン,59.6,173,1081.0,18,0,routes_styleA.csv,18.13758389261745,60.05555555555556,3.3111111111111113,高効率
2024-01-15,R09,大阪,4tトラック,117.4,478,9199.0,43,0,routes_styleA.csv,78.35604770017035,213.93023255813952,2.730232558139535,低効率
2024-01-23,R02,大阪,軽バン,23.8,62,1742.0,12,1,routes_styleA.csv,73.19327731092437,145.16666666666666,1.9833333333333334,高効率
2024-01-16,R01,大阪,軽バン,74.3,163,920.0,12,0,routes_styleA.csv,12.382234185733513,76.66666666666667,6.191666666666666,高効率
2024-01-26,R04,札幌,軽バン,63.4,165,1780.0,12,0,routes_styleA.csv,28.07570977917981,148.33333333333334,5.283333333333333,高効率
2024-01-02,R07,大阪,軽バン,25.8,111,1520.0,19,0,routes_styleA.csv,58.91472868217054,80.0,1.3578947368421053,高効率
2024-01-15,R02,東京,2tトラック,122.8,312,2437.0,16,1,routes_styleA.csv,19.84527687296417,152.3125,7.675,高効率
2024-01-28,R03,福岡,軽バン,36.7,89,2370.0,19,0,routes_styleA.csv,64.57765667574931,124.73684210526316,1.9315789473684213,高効率
2024-01-28,R09,東京,軽バン,59.1,124,825.0,7,0,routes_styleA.csv,13.959390862944161,117.85714285714286,8.442857142857143,高効率
2024-01-01,R04,大阪,2tトラック,98.6,171,3604.0,11,1,routes_styleA.csv,36.55172413793104,327.6363636363636,8.963636363636363,低効率
2024-01-23,R07,名古屋,2tトラック,78.5,287,4922.0,35,0,routes_styleA.csv,62.70063694267516,140.62857142857143,2.242857142857143,高効率
2024-01-02,R08,大阪,軽バン,37.8,176,1785.0,6,0,routes_styleA.csv,47.22222222222223,297.5,6.3,低効率
2024-01-28,R01,札幌,2tトラック,100.3,324,2630.0,40,0,routes_styleA.csv,26.221335992023928,65.75,2.5075,高効率
2024-01-20,R03,東京,4tトラック,88.2,438,7230.0,51,0,routes_styleA.csv,81.97278911564625,141.76470588235293,1.7294117647058824,高効率
2024-01-23,R01,札幌,軽バン,45.2,130,1689.0,13,0,routes_styleA.csv,37.36725663716814,129.92307692307693,3.476923076923077,高効率
2024-01-30,R06,大阪,2tトラック,89.6,281,3200.0,20,0,routes_styleA.csv,35.714285714285715,160.0,4.4799999999999995,高効率
2024-01-09,R02,東京,2tトラック,112.1,255,2400.0,27,0,routes_styleA.csv,21.409455842997325,88.88888888888889,4.151851851851852,高効率
2024-01-26,R03,名古屋,軽バン,72.8,104,1068.0,14,0,routes_styleA.csv,14.670329670329672,76.28571428571429,5.2,高効率
2024-01-29,R09,東京,4tトラック,178.1,269,9307.0,23,0,routes_styleA.csv,52.25715889949467,404.6521739130435,7.743478260869565,低効率
2024-01-28,R02,札幌,軽バン,36.3,132,2020.0,11,0,routes_styleA.csv,55.647382920110196,183.63636363636363,3.3,低効率
2024-01-09,R05,札幌,2tトラック,75.1,337,2203.0,30,0,routes_styleA.csv,29.334221038615183,73.43333333333334,2.503333333333333,高効率
2024-01-23,R01,東京,2tトラック,127.1,272,3048.0,33,0,routes_styleA.csv,23.981117230527143,92.36363636363636,3.8515151515151516,高効率
2024-01-27,R07,札幌,軽バン,26.7,173,1975.0,9,0,routes_styleA.csv,73.97003745318352,219.44444444444446,2.966666666666667,低効率
2024-01-07,R06,札幌,4tトラック,97.8,218,6466.0,17,0,routes_styleA.csv,66.11451942740287,380.3529411764706,5.752941176470588,低効率
2024-01-30,R04,東京,2tトラック,128.0,332,3626.0,29,0,routes_styleA.csv,28.328125,125.03448275862068,4.413793103448276,高効率
2024-01-14,R04,大阪,軽バン,72.9,62,2052.0,15,0,routes_styleA.csv,28.148148148148145,136.8,4.86,高効率
2024-01-27,R04,名古屋,軽バン,67.2,72,2283.0,20,0,routes_styleA.csv,33.973214285714285,114.15,3.3600000000000003,高効率
2024-01-11,R08,名古屋,2tトラック,132.1,329,2892.0,31,1,routes_styleA.csv,21.892505677517033,93.29032258064517,4.261290322580645,高効率
2024-01-31,R05,東京,2tトラック,85.1,242,4718.0,36,0,routes_styleA.csv,55.44065804935371,131.05555555555554,2.363888888888889,高効率
2024-01-12,R01,東京,2tトラック,67.9,351,3062.0,13,0,routes_styleA.csv,45.09572901325478,235.53846153846155,5.223076923076923,低効率
2024-01-23,R06,福岡,4tトラック,198.1,214,11196.0,27,0,routes_styleA.csv,56.51691065118627,414.6666666666667,7.337037037037037,低効率
2024-01-14,R07,東京,4tトラック,191.1,341,9755.0,57,1,routes_styleA.csv,51.046572475143904,171.140350877193,3.3526315789473684,低効率
2024-01-22,R02,名古屋,4tトラック,117.7,434,9758.0,34,0,routes_styleA.csv,82.90569243840271,287.0,3.461764705882353,低効率
2024-01-22,R07,名古屋,2tトラック,119.7,253,2767.0,31,0,routes_styleA.csv,23.11612364243943,89.25806451612904,3.861290322580645,高効率
2024-01-26,R03,札幌,4tトラック,116.1,344,4003.0,33,0,routes_styleA.csv,34.478897502153316,121.3030303030303,3.518181818181818,高効率
2024-01-29,R10,札幌,4tトラック,118.7,312,9405.0,47,0,routes_styleA.csv,79.23336141533277,200.10638297872342,2.5255319148936173,低効率
2024-01-08,R03,東京,2tトラック,101.5,271,3341.0,36,0,routes_styleA.csv,32.916256157635466,92.80555555555556,2.8194444444444446,高効率
2024-01-29,R05,大阪,軽バン,28.8,65,2473.0,7,0,routes_styleA.csv,85.86805555555556,353.2857142857143,4.114285714285715,低効率
2024-01-29,R10,大阪,4tトラック,163.6,328,5952.0,56,0,routes_styleA.csv,36.381418092909534,106.28571428571429,2.9214285714285713,高効率
2024-01-30,R02,福岡,軽バン,30.6,174,1681.0,6,0,routes_styleA.csv,54.93464052287582,280.1666666666667,5.1000000000000005,低効率
2024-01-29,R02,福岡,軽バン,68.1,140,2479.0,15,0,routes_styleA.csv,36.40234948604993,165.26666666666668,4.54,高効率
2024-01-24,R08,札幌,4tトラック,187.0,308,11255.0,43,0,routes_styleA.csv,60.18716577540107,261.74418604651163,4.348837209302325,低効率
2024-01-21,R08,福岡,2tトラック,125.2,321,3109.0,34,0,routes_styleA.csv,24.83226837060703,91.44117647058823,3.682352941176471,高効率
2024-01-03,R04,名古屋,2tトラック,57.7,188,3087.0,20,0,routes_styleA.csv,53.500866551126514,154.35,2.8850000000000002,高効率
2024-01-18,R03,大阪,軽バン,43.0,78,1164.0,18,0,routes_styleA.csv,27.069767441860463,64.66666666666667,2.388888888888889,高効率
2024-01-25,R08,福岡,軽バン,32.4,110,2338.0,5,0,routes_styleA.csv,72.1604938271605,467.6,6.4799999999999995,低効率
2024-01-27,R10,福岡,2tトラック,50.6,204,5014.0,37,0,routes_styleA.csv,99.0909090909091,135.51351351351352,1.3675675675675676,高効率
2024-01-14,R07,札幌,4tトラック,168.2,419,11182.0,46,0,routes_styleA.csv,66.48038049940547,243.08695652173913,3.6565217391304343,低効率
2024-01-30,R08,東京,2tトラック,83.6,282,3617.0,15,0,routes_styleA.csv,43.26555023923445,241.13333333333333,5.573333333333333,低効率
2024-01-14,R03,札幌,4tトラック,83.2,298,8515.0,16,1,routes_styleA.csv,102.34375,532.1875,5.2,低効率
2024-01-29,R03,福岡,軽バン,23.0,105,1160.0,15,0,routes_styleA.csv,50.43478260869565,77.33333333333333,1.5333333333333334,高効率
2024-01-31,R07,名古屋,2tトラック,75.2,139,2078.0,27,1,routes_styleA.csv,27.632978723404253,76.96296296296296,2.785185185185185,高効率
2024-01-07,R06,大阪,4tトラック,88.2,467,4322.0,16,0,routes_styleA.csv,49.002267573696145,270.125,5.5125,低効率
2024-01-09,R01,札幌,軽バン,34.3,116,994.0,11,0,routes_styleA.csv,28.979591836734695,90.36363636363636,3.1181818181818177,高効率
2024-01-04,R06,大阪,4tトラック,152.9,404,4916.0,25,0,routes_styleA.csv,32.1517331589274,196.64,6.1160000000000005,低効率
2024-01-03,R10,東京,2tトラック,107.6,337,3501.0,40,0,routes_styleA.csv,32.537174721189594,87.525,2.69,高効率
2024-01-19,R10,大阪,軽バン,61.8,96,1963.0,8,0,routes_styleA.csv,31.763754045307444,245.375,7.725,低効率
2024-01-14,R01,名古屋,4tトラック,131.4,291,8048.0,36,1,routes_styleA.csv,61.24809741248097,223.55555555555554,3.6500000000000004,低効率
2024-01-06,R08,東京,2tトラック,146.1,272,5315.0,32,1,routes_styleA.csv,36.379192334017795,166.09375,4.565625,高効率
2024-01-19,R09,名古屋,4tトラック,177.0,341,7868.0,42,0,routes_styleA.csv,44.451977401129945,187.33333333333334,4.214285714285714,低効率
2024-01-19,R05,名古屋,軽バン,69.8,70,2299.0,12,0,routes_styleA.csv,32.93696275071633,191.58333333333334,5.816666666666666,低効率
2024-01-09,R10,福岡,2tトラック,52.9,324,2727.0,16,0,routes_styleA.csv,51.550094517958414,170.4375,3.30625,低効率
2024-01-24,R06,名古屋,4tトラック,164.1,262,4081.0,27,1,routes_styleA.csv,24.868982327848872,151.14814814814815,6.0777777777777775,高効率
2024-01-01,R07,福岡,4tトラック,171.0,387,9167.0,46,0,routes_styleA.csv,53.60818713450293,199.2826086956522,3.717391304347826,低効率
2024-01-17,R02,名古屋,軽バン,44.3,89,1929.0,16,0,routes_styleA.csv,43.544018058690746,120.5625,2.76875,高効率
2024-01-04,R06,福岡,4tトラック,146.0,285,7630.0,34,0,routes_styleA.csv,52.26027397260274,224.41176470588235,4.294117647058823,低効率
2024-01-16,R04,名古屋,軽バン,64.6,174,1973.0,11,0,routes_styleA.csv,30.541795665634677,179.36363636363637,5.872727272727272,低効率
2024-01-06,R05,札幌,4tトラック,151.6,474,10661.0,33,0,routes_styleA.csv,70.32321899736148,323.06060606060606,4.593939393939394,低効率
2024-01-31,R05,東京,4tトラック,144.1,262,11794.0,50,0,routes_styleA.csv,81.84594031922276,235.88,2.8819999999999997,低効率
2024-01-31,R03,福岡,軽バン,72.4,128,1598.0,19,0,routes_styleA.csv,22.07182320441989,84.10526315789474,3.810526315789474,高効率
2024-01-02,R01,名古屋,2tトラック,61.4,135,3967.0,28,0,routes_styleA.csv,64.60912052117264,141.67857142857142,2.1928571428571426,高効率
2024-01-20,R03,大阪,4tトラック,193.9,205,5986.0,50,0,routes_styleA.csv,30.871583290355854,119.72,3.878,高効率
2024-01-14,R10,札幌,軽バン,66.5,105,2344.0,14,0,routes_styleA.csv,35.24812030075188,167.42857142857142,4.75,高効率
2024-01-09,R05,札幌,4tトラック,87.2,468,4794.0,28,0,routes_styleA.csv,54.977064220183486,171.21428571428572,3.1142857142857143,低効率
2024-01-16,R02,大阪,軽バン,30.4,69,805.0,19,0,routes_styleA.csv,26.48026315789474,42.36842105263158,1.5999999999999999,高効率
2024-01-30,R05,東京,軽バン,37.3,93,2261.0,7,0,routes_styleA.csv,60.616621983914214,323.0,5.328571428571428,低効率
2024-01-30,R05,札幌,4tトラック,176.5,239,4918.0,29,0,routes_styleA.csv,27.864022662889518,169.58620689655172,6.086206896551724,低効率
2024-01-15,R05,大阪,軽バン,23.6,155,1812.0,14,0,routes_styleA.csv,76.77966101694915,129.42857142857142,1.6857142857142857,高効率
2024-01-24,R05,福岡,2tトラック,100.0,238,2322.0,11,0,routes_styleA.csv,23.22,211.0909090909091,9.090909090909092,低効率
2024-01-31,R06,札幌,2tトラック,52.6,174,4697.0,37,0,routes_styleA.csv,89.29657794676805,126.94594594594595,1.4216216216216218,高効率
2024-01-09,R01,名古屋,4tトラック,84.8,406,7764.0,56,0,routes_styleA.csv,91.55660377358491,138.64285714285714,1.5142857142857142,高効率
2024-01-11,R03,札幌,2tトラック,113.5,238,2365.0,21,0,routes_styleA.csv,20.837004405286343,112.61904761904762,5.404761904761905,高効率
2024-01-18,R02,大阪,2tトラック,91.2,238,4650.0,22,0,routes_styleA.csv,50.98684210526316,211.36363636363637,4.1454545454545455,低効率
2024-01-27,R01,福岡,軽バン,38.9,98,2449.0,17,0,routes_styleA.csv,62.95629820051414,144.05882352941177,2.288235294117647,高効率
2024-01-15,R01,札幌,2tトラック,91.3,165,3447.0,34,0,routes_styleA.csv,37.754654983570646,101.38235294117646,2.6852941176470586,高効率
2024-01-01,R01,大阪,2tトラック,104.9,342,3752.0,32,0,routes_styleA.csv,35.767397521449,117.25,3.278125,高効率
2024-01-27,R10,大阪,4tトラック,99.0,345,8418.0,20,0,routes_styleA.csv,85.03030303030303,420.9,4.95,低効率
2024-01-09,R02,福岡,軽バン,58.9,78,2386.0,14,0,routes_styleA.csv,40.50933786078099,170.42857142857142,4.207142857142857,低効率
2024-01-24,R07,福岡,2tトラック,74.4,252,3534.0,39,0,routes_styleA.csv,47.49999999999999,90.61538461538461,1.9076923076923078,高効率
2024-01-27,R03,東京,2tトラック,127.3,325,3360.0,35,0,routes_styleA.csv,26.394344069128046,96.0,3.637142857142857,高効率
2024-01-15,R01,名古屋,4tトラック,115.8,356,11991.0,46,0,routes_styleA.csv,103.54922279792747,260.67391304347825,2.517391304347826,低効率
2024-01-07,R09,福岡,2tトラック,83.2,303,3509.0,39,0,routes_styleA.csv,42.17548076923077,89.97435897435898,2.1333333333333333,高効率
2024-01-30,R04,札幌,2tトラック,73.4,306,2175.0,33,0,routes_styleA.csv,29.632152588555854,65.9090909090909,2.2242424242424246,高効率
2024-01-31,R07,福岡,4tトラック,175.1,375,5217.0,17,1,routes_styleA.csv,29.794403198172475,306.88235294117646,10.299999999999999,低効率
2024-01-05,R10,名古屋,軽バン,72.5,112,1694.0,19,1,routes_styleA.csv,23.36551724137931,89.15789473684211,3.8157894736842106,高効率
2024-01-28,R07,大阪,軽バン,48.2,176,1376.0,17,0,routes_styleA.csv,28.54771784232365,80.94117647058823,2.835294117647059,高効率
2024-01-02,R06,札幌,2tトラック,145.4,270,5550.0,25,0,routes_styleA.csv,38.170563961485556,222.0,5.816,低効率
2024-01-04,R10,東京,軽バン,57.9,170,2496.0,7,0,routes_styleA.csv,43.108808290155444,356.57142857142856,8.27142857142857,低効率
2024-01-12,R02,福岡,軽バン,61.6,168,878.0,6,0,routes_styleA.csv,14.253246753246753,146.33333333333334,10.266666666666667,高効率
2024-01-20,R07,大阪,軽バン,51.9,127,2147.0,10,1,routes_styleA.csv,41.36801541425819,214.7,5.1899999999999995,低効率
2024-01-15,R07,札幌,4tトラック,108.9,453,5145.0,44,0,routes_styleA.csv,47.24517906336088,116.93181818181819,2.475,高効率
2024-01-19,R05,東京,2tトラック,140.1,282,2632.0,24,0,routes_styleA.csv,18.786581013561744,109.66666666666667,5.8374999999999995,高効率
2024-01-04,R05,福岡,4tトラック,110.0,433,5594.0,39,0,routes_styleA.csv,50.85454545454545,143.43589743589743,2.8205128205128207,高効率
2024-01-22,R04,福岡,4tトラック,123.1,268,9594.0,16,0,routes_styleA.csv,77.9366368805849,599.625,7.69375,低効率
2024-01-24,R07,名古屋,軽バン,54.0,142,2066.0,6,0,routes_styleA.csv,38.25925925925926,344.3333333333333,9.0,低効率
2024-01-24,R08,名古屋,軽バン,56.4,102,1882.0,13,0,routes_styleA.csv,33.36879432624114,144.76923076923077,4.338461538461538,高効率
2024-01-05,R03,東京,4tトラック,157.6,272,7527.0,52,0,routes_styleA.csv,47.76015228426396,144.75,3.0307692307692307,高効率
2024-01-12,R02,名古屋,2tトラック,124.7,162,2529.0,27,0,routes_styleA.csv,20.28067361668003,93.66666666666667,4.618518518518519,高効率
2024-01-10,R09,札幌,2tトラック,133.0,181,5299.0,25,0,routes_styleA.csv,39.8421052631579,211.96,5.32,低効率
2024-01-22,R06,東京,2tトラック,146.3,153,5866.0,37,0,routes_styleA.csv,40.0956937799043,158.54054054054055,3.9540540540540543,高効率
2024-01-22,R07,札幌,2tトラック,59.0,214,3058.0,13,0,routes_styleA.csv,51.83050847457627,235.23076923076923,4.538461538461538,低効率
2024-01-20,R05,札幌,2tトラック,132.2,345,2433.0,17,0,routes_styleA.csv,18.403933434190623,143.11764705882354,7.776470588235293,高効率
2024-01-14,R09,名古屋,4tトラック,106.6,198,10591.0,59,0,routes_styleA.csv,99.35272045028142,179.5084745762712,1.806779661016949,低効率
2024-01-18,R02,大阪,軽バン,76.8,96,1637.0,8,0,routes_styleA.csv,21.315104166666668,204.625,9.6,低効率
2024-01-24,R03,福岡,2tトラック,87.1,347,4786.0,27,0,routes_styleA.csv,54.94833524684271,177.25925925925927,3.225925925925926,低効率
2024-01-12,R03,福岡,4tトラック,91.9,326,7265.0,32,1,routes_styleA.csv,79.05331882480957,227.03125,2.871875,低効率
2024-01-29,R04,福岡,2tトラック,145.1,325,2397.0,31,0,routes_styleA.csv,16.51964162646451,77.3225806451613,4.680645161290323,高効率
2024-01-22,R06,東京,2tトラック,77.6,352,5796.0,36,0,routes_styleA.csv,74.69072164948454,161.0,2.1555555555555554,高効率
2024-01-25,R04,札幌,軽バン,23.0,100,2481.0,11,1,routes_styleA.csv,107.8695652173913,225.54545454545453,2.090909090909091,低効率
2024-01-20,R09,大阪,4tトラック,105.9,440,6628.0,24,0,routes_styleA.csv,62.58734655335221,276.1666666666667,4.4125000000000005,低効率
2024-01-01,R01,名古屋,軽バン,79.3,124,2157.0,8,0,routes_styleA.csv,27.200504413619168,269.625,9.9125,低効率
2024-01-05,R03,東京,2tトラック,129.0,177,3295.0,15,0,routes_styleA.csv,25.54263565891473,219.66666666666666,8.6,低効率
2024-01-08,R07,札幌,軽バン,64.7,117,2123.0,8,0,routes_styleB.csv,32.8129829984544,265.375,8.0875,低効率
2024-01-01,R10,東京,4tトラック,174.0,440,8172.0,44,0,routes_styleB.csv,46.96551724137931,185.72727272727272,3.9545454545454546,低効率
2024-01-03,R01,福岡,2tトラック,92.6,145,4850.0,24,1,routes_styleB.csv,52.37580993520519,202.08333333333334,3.858333333333333,低効率
2024-01-20,R06,札幌,軽バン,23.9,93,1876.0,15,0,routes_styleB.csv,78.49372384937239,125.06666666666666,1.5933333333333333,高効率
2024-01-21,R09,名古屋,2tトラック,100.6,223,5172.0,13,0,routes_styleB.csv,51.411530815109344,397.84615384615387,7.738461538461538,低効率
2024-01-24,R09,大阪,2tトラック,95.2,174,3356.0,24,0,routes_styleB.csv,35.252100840336134,139.83333333333334,3.966666666666667,高効率
2024-01-03,R02,名古屋,2tトラック,81.3,181,5814.0,31,0,routes_styleB.csv,71.5129151291513,187.5483870967742,2.6225806451612903,低効率
2024-01-19,R02,東京,軽バン,45.9,149,1433.0,9,0,routes_styleB.csv,31.22004357298475,159.22222222222223,5.1,高効率
2024-01-28,R09,札幌,2tトラック,117.0,218,5494.0,40,0,routes_styleB.csv,46.957264957264954,137.35,2.925,高効率
2024-01-08,R01,名古屋,4tトラック,117.5,211,8059.0,24,0,routes_styleB.csv,68.58723404255319,335.7916666666667,4.895833333333333,低効率
2024-01-25,R02,名古屋,4tトラック,124.1,408,8593.0,42,0,routes_styleB.csv,69.24254633360194,204.5952380952381,2.9547619047619045,低効率
2024-01-06,R10,札幌,4tトラック,157.1,187,11433.0,59,0,routes_styleB.csv,72.77530235518778,193.77966101694915,2.6627118644067798,低効率
2024-01-05,R05,名古屋,2tトラック,85.1,163,2573.0,31,0,routes_styleB.csv,30.235017626321977,83.0,2.7451612903225806,高効率
2024-01-24,R01,東京,4tトラック,143.7,292,7629.0,25,0,routes_styleB.csv,53.08977035490606,305.16,5.747999999999999,低効率
2024-01-03,R06,札幌,4tトラック,90.2,195,5259.0,54,1,routes_styleB.csv,58.30376940133038,97.38888888888889,1.6703703703703705,高効率
2024-01-04,R05,福岡,4tトラック,130.9,362,7313.0,28,0,routes_styleB.csv,55.86707410236822,261.17857142857144,4.675,低効率
2024-01-13,R06,福岡,軽バン,37.0,141,1627.0,14,1,routes_styleB.csv,43.972972972972975,116.21428571428571,2.642857142857143,高効率
2024-01-04,R10,東京,軽バン,32.3,173,2104.0,13,0,routes_styleB.csv,65.13931888544892,161.84615384615384,2.4846153846153842,高効率
2024-01-27,R01,福岡,4tトラック,131.7,218,8261.0,29,0,routes_styleB.csv,62.72589217919515,284.86206896551727,4.541379310344827,低効率
2024-01-11,R06,東京,2tトラック,136.2,130,2075.0,39,1,routes_styleB.csv,15.23494860499266,53.205128205128204,3.492307692307692,高効率
2024-01-11,R10,福岡,4tトラック,128.5,372,6316.0,40,1,routes_styleB.csv,49.15175097276265,157.9,3.2125,高効率
2024-01-14,R03,札幌,2tトラック,133.2,340,2353.0,37,1,routes_styleB.csv,17.665165165165167,63.5945945945946,3.5999999999999996,高効率
2024-01-06,R10,福岡,4tトラック,89.4,441,9966.0,29,0,routes_styleB.csv,111.47651006711409,343.6551724137931,3.0827586206896553,低効率
2024-01-31,R02,札幌,4tトラック,93.7,332,11247.0,37,0,routes_styleB.csv,120.03201707577374,303.97297297297297,2.5324324324324325,低効率
2024-01-25,R03,大阪,軽バン,28.8,83,1824.0,7,1,routes_styleB.csv,63.33333333333333,260.57142857142856,4.114285714285715,低効率
2024-01-20,R08,福岡,4tトラック,171.2,314,11393.0,51,0,routes_styleB.csv,66.54789719626169,223.3921568627451,3.356862745098039,低効率
2024-01-12,R06,名古屋,軽バン,46.4,116,1873.0,13,0,routes_styleB.csv,40.366379310344826,144.07692307692307,3.569230769230769,高効率
2024-01-28,R09,東京,2tトラック,96.2,129,3475.0,19,1,routes_styleB.csv,36.12266112266112,182.89473684210526,5.063157894736842,低効率
2024-01-26,R02,札幌,4tトラック,140.8,318,8435.0,17,0,routes_styleB.csv,59.90767045454545,496.1764705882353,8.282352941176471,低効率
2024-01-29,R10,大阪,2tトラック,110.5,240,5831.0,24,1,routes_styleB.csv,52.76923076923077,242.95833333333334,4.604166666666667,低効率
2024-01-20,R06,東京,4tトラック,157.5,191,9661.0,43,0,routes_styleB.csv,61.33968253968254,224.67441860465115,3.6627906976744184,低効率
2024-01-26,R03,名古屋,2tトラック,141.8,212,5098.0,31,0,routes_styleB.csv,35.95204513399153,164.4516129032258,4.574193548387097,高効率
2024-01-31,R06,東京,2tトラック,59.5,282,3137.0,33,0,routes_styleB.csv,52.72268907563025,95.06060606060606,1.803030303030303,高効率
2024-01-23,R10,大阪,2tトラック,58.2,279,5667.0,19,0,routes_styleB.csv,97.37113402061856,298.2631578947368,3.0631578947368423,低効率
2024-01-27,R07,大阪,4tトラック,165.1,205,8471.0,56,0,routes_styleB.csv,51.30829800121139,151.26785714285714,2.9482142857142857,高効率
2024-01-31,R03,札幌,軽バン,58.8,110,1415.0,16,0,routes_styleB.csv,24.064625850340136,88.4375,3.675,高効率
2024-01-04,R04,名古屋,2tトラック,69.2,359,2620.0,19,0,routes_styleB.csv,37.861271676300575,137.89473684210526,3.642105263157895,高効率
2024-01-13,R09,札幌,4tトラック,186.0,191,6694.0,54,1,routes_styleB.csv,35.98924731182796,123.96296296296296,3.4444444444444446,高効率
2024-01-02,R03,大阪,軽バン,69.9,152,2175.0,10,0,routes_styleB.csv,31.11587982832618,217.5,6.99,低効率
2024-01-08,R07,名古屋,4tトラック,166.4,470,8885.0,43,0,routes_styleB.csv,53.39543269230769,206.62790697674419,3.869767441860465,低効率
2024-01-25,R05,福岡,軽バン,42.1,173,2474.0,19,0,routes_styleB.csv,58.764845605700714,130.21052631578948,2.2157894736842105,高効率
2024-01-09,R07,札幌,4tトラック,130.2,228,5598.0,53,1,routes_styleB.csv,42.99539170506913,105.62264150943396,2.4566037735849053,高効率
2024-01-03,R01,福岡,2tトラック,105.5,144,5384.0,37,1,routes_styleB.csv,51.03317535545024,145.51351351351352,2.8513513513513513,高効率
2024-01-27,R03,名古屋,2tトラック,140.5,155,3750.0,40,0,routes_styleB.csv,26.690391459074732,93.75,3.5125,高効率
2024-01-12,R08,名古屋,軽バン,44.9,107,1436.0,17,0,routes_styleB.csv,31.98218262806236,84.47058823529412,2.6411764705882352,高効率
2024-01-02,R04,東京,2tトラック,143.1,321,4600.0,35,1,routes_styleB.csv,32.14535290006988,131.42857142857142,4.088571428571428,高効率
2024-01-03,R05,福岡,4tトラック,179.7,407,7753.0,54,1,routes_styleB.csv,43.14412910406233,143.57407407407408,3.3277777777777775,高効率
2024-01-10,R01,名古屋,軽バン,70.1,125,2036.0,18,1,routes_styleB.csv,29.044222539229676,113.11111111111111,3.894444444444444,高効率
2024-01-27,R04,名古屋,軽バン,22.9,110,2150.0,19,1,routes_styleB.csv,93.88646288209607,113.15789473684211,1.2052631578947368,高効率
2024-01-01,R08,札幌,4tトラック,82.0,334,5936.0,24,0,routes_styleB.csv,72.39024390243902,247.33333333333334,3.4166666666666665,低効率
2024-01-17,R10,名古屋,軽バン,54.2,82,1936.0,16,1,routes_styleB.csv,35.71955719557195,121.0,3.3875,高効率
2024-01-12,R09,札幌,4tトラック,146.5,297,7761.0,55,0,routes_styleB.csv,52.97610921501707,141.1090909090909,2.6636363636363636,高効率
2024-01-19,R05,東京,2tトラック,128.9,202,4932.0,30,1,routes_styleB.csv,38.2622187742436,164.4,4.296666666666667,高効率
2024-01-16,R06,大阪,軽バン,41.1,100,1893.0,19,0,routes_styleB.csv,46.05839416058394,99.63157894736842,2.1631578947368424,高効率
2024-01-07,R03,大阪,軽バン,63.0,173,863.0,11,1,routes_styleB.csv,13.698412698412698,78.45454545454545,5.7272727272727275,高効率
2024-01-21,R01,名古屋,2tトラック,101.5,357,4172.0,18,1,routes_styleB.csv,41.10344827586207,231.77777777777777,5.638888888888889,低効率
2024-01-12,R04,名古屋,2tトラック,136.2,131,4623.0,18,1,routes_styleB.csv,33.94273127753304,256.8333333333333,7.566666666666666,低効率
2024-01-16,R07,福岡,4tトラック,132.8,466,6712.0,26,0,routes_styleB.csv,50.54216867469879,258.15384615384613,5.107692307692308,低効率
2024-01-06,R06,札幌,2tトラック,130.1,294,2316.0,29,0,routes_styleB.csv,17.801691006917757,79.86206896551724,4.486206896551724,高効率
2024-01-14,R09,名古屋,2tトラック,60.3,198,3183.0,24,0,routes_styleB.csv,52.78606965174129,132.625,2.5124999999999997,高効率
2024-01-09,R03,福岡,2tトラック,94.7,294,5646.0,29,0,routes_styleB.csv,59.61985216473073,194.68965517241378,3.2655172413793103,低効率
2024-01-01,R01,東京,4tトラック,156.5,288,10409.0,58,1,routes_styleB.csv,66.5111821086262,179.4655172413793,2.6982758620689653,低効率
2024-01-13,R03,札幌,4tトラック,173.8,190,4538.0,56,0,routes_styleB.csv,26.110471806674337,81.03571428571429,3.1035714285714286,高効率
2024-01-19,R10,東京,4tトラック,98.4,314,6968.0,43,0,routes_styleB.csv,70.8130081300813,162.04651162790697,2.288372093023256,高効率
2024-01-06,R03,札幌,2tトラック,89.8,275,2998.0,13,1,routes_styleB.csv,33.38530066815145,230.6153846153846,6.907692307692307,低効率
2024-01-20,R08,札幌,2tトラック,141.4,148,5100.0,32,0,routes_styleB.csv,36.067892503536065,159.375,4.41875,高効率
2024-01-26,R05,福岡,軽バン,27.4,162,1568.0,19,0,routes_styleB.csv,57.22627737226278,82.52631578947368,1.4421052631578946,高効率
2024-01-30,R06,名古屋,4tトラック,87.8,342,11131.0,25,0,routes_styleB.csv,126.77676537585423,445.24,3.512,低効率
2024-01-01,R03,名古屋,4tトラック,106.9,475,10337.0,30,0,routes_styleB.csv,96.6978484565014,344.56666666666666,3.5633333333333335,低効率
2024-01-03,R06,札幌,4tトラック,124.3,421,8413.0,54,0,routes_styleB.csv,67.6830249396621,155.7962962962963,2.301851851851852,高効率
2024-01-11,R05,福岡,4tトラック,166.3,337,10153.0,51,1,routes_styleB.csv,61.052315093205046,199.07843137254903,3.2607843137254906,低効率
2024-01-19,R02,福岡,2tトラック,118.0,202,5512.0,34,0,routes_styleB.csv,46.71186440677966,162.11764705882354,3.4705882352941178,高効率
2024-01-06,R03,大阪,2tトラック,100.3,328,5326.0,26,1,routes_styleB.csv,53.100697906281155,204.84615384615384,3.8576923076923078,低効率
2024-01-09,R03,名古屋,4tトラック,107.1,464,8151.0,33,0,routes_styleB.csv,76.10644257703082,247.0,3.245454545454545,低効率
2024-01-19,R04,札幌,2tトラック,62.5,192,4134.0,26,0,routes_styleB.csv,66.144,159.0,2.4038461538461537,高効率
2024-01-01,R10,大阪,軽バン,59.5,146,1829.0,6,0,routes_styleB.csv,30.73949579831933,304.8333333333333,9.916666666666666,低効率
2024-01-21,R02,東京,4tトラック,172.5,259,5686.0,51,0,routes_styleB.csv,32.96231884057971,111.49019607843137,3.3823529411764706,高効率
2024-01-22,R01,福岡,4tトラック,145.5,372,6417.0,30,0,routes_styleB.csv,44.103092783505154,213.9,4.85,低効率
2024-01-11,R07,名古屋,2tトラック,57.3,134,3758.0,25,0,routes_styleB.csv,65.5846422338569,150.32,2.292,高効率
2024-01-05,R10,大阪,2tトラック,136.1,196,5952.0,21,0,routes_styleB.csv,43.73254959588538,283.42857142857144,6.480952380952381,低効率
2024-01-04,R06,札幌,4tトラック,92.7,252,4980.0,43,0,routes_styleB.csv,53.72168284789644,115.81395348837209,2.155813953488372,高効率
2024-01-11,R01,名古屋,2tトラック,136.4,220,5851.0,38,1,routes_styleB.csv,42.89589442815249,153.97368421052633,3.5894736842105264,高効率
2024-01-16,R10,名古屋,軽バン,65.8,119,1675.0,20,0,routes_styleB.csv,25.455927051671733,83.75,3.29,高効率
2024-01-10,R01,東京,2tトラック,100.5,352,2861.0,21,1,routes_styleB.csv,28.46766169154229,136.23809523809524,4.785714285714286,高効率
2024-01-29,R08,札幌,4tトラック,160.7,265,4065.0,21,0,routes_styleB.csv,25.29558182949596,193.57142857142858,7.652380952380952,低効率
2024-01-10,R05,名古屋,2tトラック,86.6,216,4281.0,16,0,routes_styleB.csv,49.43418013856813,267.5625,5.4125,低効率
2024-01-04,R02,福岡,4tトラック,134.0,344,10602.0,54,0,routes_styleB.csv,79.11940298507463,196.33333333333334,2.4814814814814814,低効率
2024-01-07,R03,東京,2tトラック,87.3,356,4231.0,21,0,routes_styleB.csv,48.465063001145474,201.47619047619048,4.157142857142857,低効率
2024-01-17,R10,札幌,2tトラック,100.0,130,2548.0,20,0,routes_styleB.csv,25.48,127.4,5.0,高効率
2024-01-20,R08,大阪,4tトラック,187.2,221,11451.0,35,1,routes_styleB.csv,61.169871794871796,327.1714285714286,5.348571428571428,低効率
2024-01-27,R05,札幌,2tトラック,100.7,242,3959.0,28,0,routes_styleB.csv,39.314796425024824,141.39285714285714,3.5964285714285715,高効率
2024-01-28,R01,名古屋,2tトラック,117.4,355,4335.0,35,0,routes_styleB.csv,36.925042589437815,123.85714285714286,3.3542857142857145,高効率
2024-01-24,R01,札幌,2tトラック,76.6,277,5888.0,28,0,routes_styleB.csv,76.8668407310705,210.28571428571428,2.7357142857142853,低効率
2024-01-27,R01,札幌,2tトラック,67.1,270,4479.0,36,0,routes_styleB.csv,66.7511177347243,124.41666666666667,1.8638888888888887,高効率
2024-01-14,R04,東京,4tトラック,193.8,212,4151.0,35,0,routes_styleB.csv,21.418988648090814,118.6,5.537142857142857,高効率
2024-01-17,R04,福岡,4tトラック,173.0,456,10983.0,18,0,routes_styleB.csv,63.48554913294798,610.1666666666666,9.61111111111111,低効率
2024-01-30,R04,札幌,2tトラック,149.8,234,3507.0,40,1,routes_styleB.csv,23.411214953271028,87.675,3.745,高効率
2024-01-09,R09,名古屋,4tトラック,122.5,411,9767.0,56,0,routes_styleB.csv,79.73061224489796,174.41071428571428,2.1875,低効率
2024-01-23,R10,福岡,軽バン,77.4,93,1307.0,14,0,routes_styleB.csv,16.88630490956072,93.35714285714286,5.528571428571429,高効率
2024-01-04,R04,福岡,2tトラック,98.0,254,5738.0,33,0,routes_styleB.csv,58.55102040816327,173.87878787878788,2.9696969696969697,低効率
2024-01-10,R10,札幌,2tトラック,139.6,214,3381.0,34,0,routes_styleB.csv,24.21919770773639,99.44117647058823,4.105882352941176,高効率
2024-01-27,R01,名古屋,4tトラック,89.5,457,9248.0,45,0,routes_styleB.csv,103.32960893854748,205.51111111111112,1.988888888888889,低効率
2024-01-02,R09,名古屋,4tトラック,163.5,221,8925.0,52,0,routes_styleB.csv,54.58715596330275,171.6346153846154,3.144230769230769,低効率
2024-01-25,R09,大阪,4tトラック,107.9,210,6642.0,45,1,routes_styleB.csv,61.55699721964782,147.6,2.397777777777778,高効率
2024-01-07,R03,東京,4tトラック,197.3,227,9223.0,45,0,routes_styleB.csv,46.74607197161682,204.95555555555555,4.384444444444445,低効率
2024-01-24,R05,名古屋,2tトラック,114.6,337,2358.0,28,0,routes_styleB.csv,20.57591623036649,84.21428571428571,4.0928571428571425,高効率
2024-01-16,R01,大阪,2tトラック,138.2,162,5679.0,36,0,routes_styleB.csv,41.09261939218524,157.75,3.8388888888888886,高効率
2024-01-21,R03,名古屋,軽バン,20.6,128,982.0,15,0,routes_styleB.csv,47.66990291262135,65.46666666666667,1.3733333333333335,高効率
2024-01-04,R09,札幌,2tトラック,138.9,152,4017.0,18,1,routes_styleB.csv,28.920086393088553,223.16666666666666,7.716666666666667,低効率
2024-01-19,R06,大阪,4tトラック,135.1,257,5490.0,36,0,routes_styleB.csv,40.63656550703183,152.5,3.7527777777777778,高効率
2024-01-13,R04,大阪,4tトラック,182.7,449,10616.0,47,0,routes_styleB.csv,58.10618500273673,225.87234042553192,3.887234042553191,低効率
2024-01-25,R02,大阪,軽バン,48.6,172,812.0,17,0,routes_styleB.csv,16.707818930041153,47.76470588235294,2.8588235294117648,高効率
2024-01-02,R05,名古屋,2tトラック,108.2,257,3046.0,21,0,routes_styleB.csv,28.151571164510166,145.04761904761904,5.152380952380953,高効率
2024-01-10,R02,福岡,2tトラック,66.0,284,5692.0,38,0,routes_styleB.csv,86.24242424242425,149.78947368421052,1.736842105263158,高効率
2024-01-20,R02,名古屋,2tトラック,111.5,172,2534.0,14,0,routes_styleB.csv,22.72645739910314,181.0,7.964285714285714,低効率
2024-01-25,R06,福岡,4tトラック,145.9,321,8300.0,57,0,routes_styleB.csv,56.888279643591495,145.6140350877193,2.5596491228070177,高効率
2024-01-18,R04,札幌,軽バン,51.5,123,1415.0,8,1,routes_styleB.csv,27.475728155339805,176.875,6.4375,低効率
2024-01-07,R09,大阪,4tトラック,144.4,229,10836.0,43,1,routes_styleB.csv,75.0415512465374,252.0,3.358139534883721,低効率
2024-01-15,R10,福岡,軽バン,73.9,113,895.0,9,0,routes_styleB.csv,12.110960757780784,99.44444444444444,8.211111111111112,高効率
2024-01-01,R10,東京,4tトラック,135.5,422,9786.0,40,0,routes_styleB.csv,72.22140221402213,244.65,3.3875,低効率
2024-01-03,R04,札幌,軽バン,22.7,101,908.0,6,0,routes_styleB.csv,40.0,151.33333333333334,3.783333333333333,高効率
2024-01-14,R08,東京,2tトラック,90.9,304,5063.0,33,0,routes_styleB.csv,55.69856985698569,153.42424242424244,2.754545454545455,高効率
2024-01-28,R06,福岡,2tトラック,137.0,337,3503.0,31,0,routes_styleB.csv,25.56934306569343,113.0,4.419354838709677,高効率
2024-01-24,R09,大阪,4tトラック,183.2,215,11943.0,40,0,routes_styleB.csv,65.1910480349345,298.575,4.58,低効率
2024-01-27,R04,東京,軽バン,78.7,115,2022.0,18,0,routes_styleB.csv,25.692503176620075,112.33333333333333,4.372222222222223,高効率
2024-01-02,R04,大阪,2tトラック,84.6,186,5750.0,33,0,routes_styleB.csv,67.96690307328606,174.24242424242425,2.5636363636363635,低効率
2024-01-23,R07,札幌,軽バン,34.4,68,1810.0,19,0,routes_styleB.csv,52.616279069767444,95.26315789473684,1.8105263157894735,高効率
2024-01-10,R01,大阪,4tトラック,85.3,311,8318.0,18,1,routes_styleB.csv,97.51465416178195,462.1111111111111,4.738888888888889,低効率
2024-01-05,R04,札幌,2tトラック,107.7,305,5274.0,17,0,routes_styleB.csv,48.96935933147632,310.2352941176471,6.335294117647059,低効率
2024-01-06,R09,大阪,2tトラック,80.1,134,5794.0,38,0,routes_styleB.csv,72.33458177278402,152.47368421052633,2.107894736842105,高効率
2024-01-11,R07,札幌,2tトラック,54.7,202,4573.0,22,0,routes_styleB.csv,83.60146252285192,207.86363636363637,2.4863636363636363,低効率
2024-01-10,R07,福岡,軽バン,38.0,82,1714.0,12,0,routes_styleB.csv,45.10526315789474,142.83333333333334,3.1666666666666665,高効率
2024-01-09,R03,福岡,軽バン,53.7,176,1747.0,9,0,routes_styleB.csv,32.53258845437616,194.11111111111111,5.966666666666667,低効率
2024-01-07,R04,名古屋,4tトラック,89.5,314,6969.0,49,0,routes_styleB.csv,77.8659217877095,142.22448979591837,1.8265306122448979,高効率
2024-01-19,R01,名古屋,2tトラック,117.4,264,5494.0,16,0,routes_styleB.csv,46.797274275979554,343.375,7.3375,低効率
2024-01-30,R09,大阪,2tトラック,70.9,337,3213.0,39,1,routes_styleB.csv,45.31734837799718,82.38461538461539,1.8179487179487182,高効率
2024-01-13,R04,東京,4tトラック,199.9,323,5941.0,53,0,routes_styleB.csv,29.719859929964983,112.09433962264151,3.771698113207547,高効率
2024-01-12,R04,札幌,2tトラック,127.6,211,4135.0,21,0,routes_styleB.csv,32.405956112852664,196.9047619047619,6.076190476190476,低効率
2024-01-07,R09,福岡,2tトラック,59.9,355,3878.0,36,0,routes_styleB.csv,64.74123539232053,107.72222222222223,1.6638888888888888,高効率
2024-01-30,R06,名古屋,2tトラック,54.6,327,4965.0,10,0,routes_styleB.csv,90.93406593406593,496.5,5.46,低効率
2024-01-08,R10,札幌,4tトラック,130.1,225,6639.0,39,0,routes_styleC.csv,51.02997694081476,170.23076923076923,3.3358974358974356,低効率
2024-01-21,R08,札幌,4tトラック,193.2,281,10107.0,46,0,routes_styleC.csv,52.3136645962733,219.7173913043478,4.2,低効率
2024-01-29,R08,福岡,軽バン,64.0,102,1038.0,20,1,routes_styleC.csv,16.21875,51.9,3.2,高効率
2024-01-01,R09,東京,4tトラック,84.1,434,11562.0,57,1,routes_styleC.csv,137.4791914387634,202.8421052631579,1.475438596491228,低効率
2024-01-02,R07,大阪,4tトラック,107.8,392,4073.0,47,0,routes_styleC.csv,37.782931354359924,86.65957446808511,2.293617021276596,高効率
2024-01-17,R10,札幌,2tトラック,115.9,123,4129.0,23,1,routes_styleC.csv,35.62553925798102,179.52173913043478,5.039130434782609,低効率
2024-01-06,R05,札幌,2tトラック,51.7,315,4696.0,35,0,routes_styleC.csv,90.83172147001933,134.17142857142858,1.4771428571428573,高効率
2024-01-13,R02,東京,4tトラック,97.9,237,8212.0,37,0,routes_styleC.csv,83.88151174668027,221.94594594594594,2.6459459459459462,低効率
2024-01-28,R02,名古屋,2tトラック,95.9,178,4789.0,19,0,routes_styleC.csv,49.93743482794577,252.05263157894737,5.0473684210526315,低効率
2024-01-03,R02,東京,軽バン,44.3,105,1609.0,5,0,routes_styleC.csv,36.32054176072235,321.8,8.86,低効率
2024-01-30,R08,福岡,4tトラック,174.1,349,10864.0,21,0,routes_styleC.csv,62.40091901206203,517.3333333333334,8.29047619047619,低効率
2024-01-03,R01,大阪,軽バン,74.1,143,1764.0,13,1,routes_styleC.csv,23.805668016194335,135.69230769230768,5.699999999999999,高効率
2024-01-19,R05,札幌,4tトラック,159.0,233,10803.0,16,0,routes_styleC.csv,67.94339622641509,675.1875,9.9375,低効率
2024-01-18,R03,福岡,軽バン,38.0,127,1763.0,17,0,routes_styleC.csv,46.39473684210526,103.70588235294117,2.235294117647059,高効率
2024-01-12,R06,福岡,4tトラック,96.8,476,9793.0,47,0,routes_styleC.csv,101.16735537190083,208.36170212765958,2.0595744680851062,低効率
2024-01-13,R01,東京,2tトラック,73.2,138,4421.0,29,0,routes_styleC.csv,60.39617486338798,152.44827586206895,2.524137931034483,高効率
2024-01-13,R06,東京,4tトラック,112.8,477,7925.0,37,0,routes_styleC.csv,70.25709219858156,214.1891891891892,3.0486486486486486,低効率
2024-01-23,R07,大阪,4tトラック,150.3,294,10177.0,33,0,routes_styleC.csv,67.71124417831004,308.3939393939394,4.554545454545455,低効率
2024-01-12,R02,東京,2tトラック,65.4,290,4536.0,33,0,routes_styleC.csv,69.35779816513761,137.45454545454547,1.981818181818182,高効率
2024-01-06,R02,東京,軽バン,76.6,113,2094.0,8,1,routes_styleC.csv,27.336814621409925,261.75,9.575,低効率
2024-01-20,R07,福岡,4tトラック,146.6,302,4210.0,37,0,routes_styleC.csv,28.717598908594816,113.78378378378379,3.962162162162162,高効率
2024-01-29,R10,名古屋,2tトラック,51.2,219,5117.0,33,0,routes_styleC.csv,99.94140625,155.06060606060606,1.5515151515151515,高効率
2024-01-05,R04,札幌,4tトラック,100.3,294,5111.0,34,0,routes_styleC.csv,50.957128614157526,150.3235294117647,2.9499999999999997,高効率
2024-01-08,R02,大阪,2tトラック,77.6,191,5131.0,21,0,routes_styleC.csv,66.12113402061856,244.33333333333334,3.695238095238095,低効率
2024-01-20,R08,札幌,4tトラック,103.5,212,6437.0,40,0,routes_styleC.csv,62.193236714975846,160.925,2.5875,高効率
2024-01-11,R07,名古屋,2tトラック,83.5,315,5438.0,29,1,routes_styleC.csv,65.12574850299401,187.51724137931035,2.8793103448275863,低効率
2024-01-21,R10,大阪,2tトラック,81.4,351,5875.0,19,0,routes_styleC.csv,72.17444717444717,309.2105263157895,4.28421052631579,低効率
2024-01-19,R08,札幌,軽バン,39.6,93,2136.0,16,1,routes_styleC.csv,53.93939393939394,133.5,2.475,高効率
2024-01-07,R04,札幌,4tトラック,101.6,410,4215.0,44,0,routes_styleC.csv,41.48622047244095,95.79545454545455,2.309090909090909,高効率
2024-01-21,R08,名古屋,4tトラック,88.3,434,10360.0,58,0,routes_styleC.csv,117.3272933182333,178.6206896551724,1.5224137931034483,低効率
2024-01-20,R05,大阪,2tトラック,115.9,291,5156.0,12,0,routes_styleC.csv,44.48662640207075,429.6666666666667,9.658333333333333,低効率
2024-01-26,R08,札幌,2tトラック,103.4,341,5479.0,23,0,routes_styleC.csv,52.988394584139265,238.2173913043478,4.495652173913044,低効率
2024-01-06,R06,札幌,4tトラック,156.6,205,10152.0,57,0,routes_styleC.csv,64.82758620689656,178.10526315789474,2.7473684210526317,低効率
2024-01-14,R10,東京,4tトラック,198.0,383,7197.0,36,0,routes_styleC.csv,36.34848484848485,199.91666666666666,5.5,低効率
2024-01-13,R02,東京,軽バン,35.5,121,1682.0,12,0,routes_styleC.csv,47.38028169014085,140.16666666666666,2.9583333333333335,高効率
2024-01-30,R08,札幌,4tトラック,140.1,283,4197.0,21,0,routes_styleC.csv,29.957173447537475,199.85714285714286,6.671428571428571,低効率
2024-01-12,R02,東京,4tトラック,97.0,273,7643.0,28,0,routes_styleC.csv,78.79381443298969,272.9642857142857,3.4642857142857144,低効率
2024-01-04,R08,東京,2tトラック,122.2,228,2269.0,11,0,routes_styleC.csv,18.567921440261866,206.27272727272728,11.10909090909091,低効率
2024-01-18,R01,名古屋,4tトラック,93.1,420,11439.0,30,0,routes_styleC.csv,122.86788399570355,381.3,3.103333333333333,低効率
2024-01-21,R03,名古屋,4tトラック,131.2,318,10382.0,55,1,routes_styleC.csv,79.13109756097562,188.76363636363635,2.3854545454545453,低効率
2024-01-23,R07,福岡,軽バン,64.2,165,1564.0,18,0,routes_styleC.csv,24.3613707165109,86.88888888888889,3.566666666666667,高効率
2024-01-18,R04,大阪,2tトラック,125.2,314,2250.0,13,0,routes_styleC.csv,17.971246006389777,173.07692307692307,9.63076923076923,低効率
2024-01-21,R03,名古屋,2tトラック,69.7,147,4683.0,25,0,routes_styleC.csv,67.18794835007174,187.32,2.7880000000000003,低効率
2024-01-06,R06,札幌,2tトラック,111.1,260,3392.0,37,0,routes_styleC.csv,30.531053105310534,91.67567567567568,3.0027027027027025,高効率
2024-01-12,R05,札幌,4tトラック,90.2,220,4943.0,34,1,routes_styleC.csv,54.80044345898004,145.38235294117646,2.652941176470588,高効率
2024-01-18,R03,札幌,2tトラック,91.8,153,3535.0,15,0,routes_styleC.csv,38.507625272331154,235.66666666666666,6.12,低効率
2024-01-28,R03,札幌,軽バン,49.4,76,1335.0,19,0,routes_styleC.csv,27.02429149797571,70.26315789473684,2.6,高効率
2024-01-14,R06,東京,2tトラック,63.7,315,5855.0,26,0,routes_styleC.csv,91.91522762951334,225.19230769230768,2.45,低効率
2024-01-08,R08,福岡,4tトラック,180.8,326,4661.0,16,0,routes_styleC.csv,25.779867256637168,291.3125,11.3,低効率
2024-01-25,R05,東京,2tトラック,72.5,189,5123.0,28,0,routes_styleC.csv,70.66206896551724,182.96428571428572,2.5892857142857144,低効率
2024-01-25,R08,札幌,4tトラック,93.6,214,10201.0,38,0,routes_styleC.csv,108.98504273504274,268.44736842105266,2.4631578947368418,低効率
2024-01-10,R01,福岡,4tトラック,106.2,307,9888.0,56,0,routes_styleC.csv,93.10734463276836,176.57142857142858,1.8964285714285716,低効率
2024-01-08,R01,福岡,2tトラック,84.9,316,3756.0,13,0,routes_styleC.csv,44.24028268551236,288.9230769230769,6.5307692307692315,低効率
2024-01-26,R04,札幌,4tトラック,122.1,393,9062.0,25,0,routes_styleC.csv,74.21785421785422,362.48,4.8839999999999995,低効率
2024-01-23,R04,大阪,軽バン,54.2,123,1815.0,10,0,routes_styleC.csv,33.487084870848705,181.5,5.42,低効率
2024-01-05,R05,名古屋,4tトラック,112.1,437,11884.0,58,0,routes_styleC.csv,106.01248884924175,204.89655172413794,1.932758620689655,低効率
2024-01-11,R07,東京,2tトラック,136.7,150,5464.0,17,1,routes_styleC.csv,39.970738844184346,321.4117647058824,8.041176470588235,低効率
2024-01-21,R04,福岡,2tトラック,64.2,271,4511.0,22,0,routes_styleC.csv,70.26479750778816,205.04545454545453,2.9181818181818184,低効率
2024-01-11,R02,福岡,4tトラック,170.0,388,11019.0,44,0,routes_styleC.csv,64.81764705882352,250.4318181818182,3.8636363636363638,低効率
2024-01-03,R10,東京,4tトラック,91.2,471,9079.0,59,0,routes_styleC.csv,99.55043859649122,153.88135593220338,1.5457627118644068,高効率
2024-01-11,R09,福岡,軽バン,78.1,158,1641.0,15,0,routes_styleC.csv,21.011523687580027,109.4,5.206666666666666,高効率
2024-01-21,R09,札幌,軽バン,54.0,118,1384.0,6,1,routes_styleC.csv,25.62962962962963,230.66666666666666,9.0,低効率
2024-01-23,R08,東京,軽バン,75.8,78,1576.0,18,0,routes_styleC.csv,20.79155672823219,87.55555555555556,4.211111111111111,高効率
2024-01-12,R03,名古屋,軽バン,72.5,165,959.0,16,0,routes_styleC.csv,13.227586206896552,59.9375,4.53125,高効率
2024-01-23,R03,東京,2tトラック,112.6,294,5021.0,23,0,routes_styleC.csv,44.59147424511546,218.30434782608697,4.895652173913043,低効率
2024-01-23,R02,東京,軽バン,48.6,75,1185.0,19,1,routes_styleC.csv,24.382716049382715,62.36842105263158,2.557894736842105,高効率
2024-01-04,R06,東京,2tトラック,119.4,234,2916.0,12,0,routes_styleC.csv,24.42211055276382,243.0,9.950000000000001,低効率
2024-01-21,R02,名古屋,2tトラック,138.1,152,5094.0,34,0,routes_styleC.csv,36.88631426502535,149.8235294117647,4.061764705882353,高効率
2024-01-21,R03,東京,4tトラック,147.6,363,5313.0,37,0,routes_styleC.csv,35.9959349593496,143.59459459459458,3.989189189189189,高効率
2024-01-04,R03,福岡,4tトラック,162.4,437,4694.0,21,1,routes_styleC.csv,28.903940886699505,223.52380952380952,7.733333333333333,低効率
2024-01-08,R10,福岡,2tトラック,146.3,195,2559.0,18,0,routes_styleC.csv,17.491455912508542,142.16666666666666,8.127777777777778,高効率
2024-01-22,R09,札幌,4tトラック,166.5,265,11530.0,16,0,routes_styleC.csv,69.24924924924925,720.625,10.40625,低効率
2024-01-29,R05,大阪,4tトラック,152.8,236,7134.0,56,1,routes_styleC.csv,46.688481675392666,127.39285714285714,2.7285714285714286,高効率
2024-01-01,R04,福岡,2tトラック,61.3,239,4376.0,26,0,routes_styleC.csv,71.38662316476346,168.30769230769232,2.3576923076923078,低効率
2024-01-31,R06,名古屋,軽バン,43.2,160,1515.0,10,0,routes_styleC.csv,35.06944444444444,151.5,4.32,高効率
2024-01-13,R02,東京,4tトラック,88.1,258,4319.0,18,0,routes_styleC.csv,49.023836549375716,239.94444444444446,4.894444444444444,低効率
2024-01-18,R09,名古屋,4tトラック,165.5,410,7389.0,40,1,routes_styleC.csv,44.646525679758305,184.725,4.1375,低効率
2024-01-05,R09,札幌,軽バン,36.6,97,1669.0,11,0,routes_styleC.csv,45.60109289617486,151.72727272727272,3.3272727272727276,高効率
2024-01-23,R09,名古屋,2tトラック,108.6,303,4599.0,30,1,routes_styleC.csv,42.348066298342545,153.3,3.6199999999999997,高効率
2024-01-24,R07,大阪,軽バン,34.7,170,997.0,6,0,routes_styleC.csv,28.731988472622476,166.16666666666666,5.783333333333334,高効率
2024-01-26,R03,東京,軽バン,62.5,144,1079.0,16,0,routes_styleC.csv,17.264,67.4375,3.90625,高効率
2024-01-29,R05,大阪,2tトラック,62.7,307,3075.0,38,1,routes_styleC.csv,49.04306220095694,80.92105263157895,1.6500000000000001,高効率
2024-01-16,R01,名古屋,2tトラック,77.2,135,4849.0,28,0,routes_styleC.csv,62.810880829015545,173.17857142857142,2.757142857142857,低効率
2024-01-04,R08,札幌,2tトラック,55.5,326,2668.0,15,0,routes_styleC.csv,48.072072072072075,177.86666666666667,3.7,低効率
2024-01-16,R10,東京,軽バン,64.4,60,2260.0,5,0,routes_styleC.csv,35.09316770186335,452.0,12.88,低効率
2024-01-08,R06,福岡,軽バン,30.7,175,860.0,18,0,routes_styleC.csv,28.013029315960914,47.77777777777778,1.7055555555555555,高効率
2024-01-06,R07,名古屋,2tトラック,132.6,257,2478.0,31,0,routes_styleC.csv,18.687782805429865,79.93548387096774,4.27741935483871,高効率
2024-01-10,R04,札幌,軽バン,77.2,68,1591.0,14,0,routes_styleC.csv,20.60880829015544,113.64285714285714,5.514285714285714,高効率
2024-01-08,R06,東京,4tトラック,134.8,290,6333.0,34,0,routes_styleC.csv,46.980712166172104,186.26470588235293,3.9647058823529413,低効率
2024-01-08,R08,名古屋,4tトラック,196.6,479,10207.0,49,0,routes_styleC.csv,51.9175991861648,208.30612244897958,4.012244897959183,低効率
2024-01-31,R03,東京,2tトラック,52.4,249,4544.0,32,0,routes_styleC.csv,86.7175572519084,142.0,1.6375,高効率
2024-01-08,R06,東京,4tトラック,125.2,401,6460.0,28,0,routes_styleC.csv,51.597444089456864,230.71428571428572,4.4714285714285715,低効率
2024-01-29,R07,福岡,軽バン,78.4,77,1276.0,6,0,routes_styleC.csv,16.27551020408163,212.66666666666666,13.066666666666668,低効率
2024-01-05,R09,福岡,4tトラック,187.5,317,9983.0,52,1,routes_styleC.csv,53.242666666666665,191.98076923076923,3.605769230769231,低効率
2024-01-28,R07,東京,4tトラック,148.1,310,11714.0,30,0,routes_styleC.csv,79.09520594193113,390.46666666666664,4.9366666666666665,低効率
2024-01-07,R06,福岡,4tトラック,179.8,277,7622.0,29,1,routes_styleC.csv,42.39154616240267,262.82758620689657,6.2,低効率
2024-01-12,R03,札幌,軽バン,29.3,79,1592.0,18,1,routes_styleC.csv,54.334470989761094,88.44444444444444,1.6277777777777778,高効率
2024-01-27,R04,福岡,2tトラック,96.3,324,2362.0,35,0,routes_styleC.csv,24.527518172377984,67.48571428571428,2.7514285714285713,高効率
2024-01-13,R10,東京,軽バン,70.2,99,955.0,12,0,routes_styleC.csv,13.603988603988604,79.58333333333333,5.8500000000000005,高効率
2024-01-18,R09,東京,4tトラック,115.9,426,5391.0,40,0,routes_styleC.csv,46.51423641069888,134.775,2.8975,高効率
2024-01-25,R09,大阪,軽バン,47.7,156,1038.0,5,1,routes_styleC.csv,21.761006289308174,207.6,9.540000000000001,低効率
2024-01-09,R04,大阪,軽バン,69.4,104,1872.0,7,0,routes_styleC.csv,26.974063400576366,267.42857142857144,9.914285714285715,低効率
2024-01-27,R02,東京,軽バン,31.9,137,2176.0,7,0,routes_styleC.csv,68.21316614420063,310.85714285714283,4.557142857142857,低効率
2024-01-13,R06,東京,軽バン,76.5,66,2371.0,18,0,routes_styleC.csv,30.99346405228758,131.72222222222223,4.25,高効率
2024-01-15,R08,東京,2tトラック,118.3,161,2859.0,15,0,routes_styleC.csv,24.167371090448015,190.6,7.886666666666667,低効率
2024-01-16,R03,東京,4tトラック,154.3,253,6361.0,41,0,routes_styleC.csv,41.2248865845755,155.14634146341464,3.7634146341463417,高効率
2024-01-21,R01,東京,2tトラック,88.3,220,4571.0,35,0,routes_styleC.csv,51.766704416761044,130.6,2.5228571428571427,高効率
2024-01-19,R09,東京,2tトラック,128.2,206,4178.0,25,0,routes_styleC.csv,32.58970358814353,167.12,5.127999999999999,高効率
2024-01-25,R09,名古屋,2tトラック,77.0,126,4388.0,10,0,routes_styleC.csv,56.98701298701299,438.8,7.7,低効率
2024-01-22,R05,東京,2tトラック,102.9,304,5998.0,15,1,routes_styleC.csv,58.28960155490768,399.8666666666667,6.86,低効率
2024-01-26,R04,名古屋,4tトラック,178.0,455,4447.0,29,0,routes_styleC.csv,24.98314606741573,153.3448275862069,6.137931034482759,高効率
2024-01-01,R07,名古屋,軽バン,30.6,131,2171.0,16,0,routes_styleC.csv,70.94771241830065,135.6875,1.9125,高効率
2024-01-06,R06,札幌,4tトラック,97.1,464,10694.0,46,0,routes_styleC.csv,110.13388259526262,232.47826086956522,2.110869565217391,低効率
2024-01-30,R08,東京,軽バン,23.4,132,834.0,20,1,routes_styleC.csv,35.64102564102564,41.7,1.17,高効率
2024-01-05,R10,大阪,軽バン,40.4,81,2164.0,15,1,routes_styleC.csv,53.56435643564357,144.26666666666668,2.6933333333333334,高効率
2024-01-22,R10,大阪,軽バン,70.8,163,2433.0,16,0,routes_styleC.csv,34.36440677966102,152.0625,4.425,高効率
2024-01-31,R07,札幌,軽バン,40.2,98,2459.0,18,0,routes_styleC.csv,61.16915422885572,136.61111111111111,2.2333333333333334,高効率
2024-01-19,R08,名古屋,軽バン,62.4,127,2312.0,16,0,routes_styleC.csv,37.05128205128205,144.5,3.9,高効率
2024-01-31,R03,福岡,2tトラック,123.4,190,2711.0,10,0,routes_styleC.csv,21.969205834683954,271.1,12.34,低効率
2024-01-19,R10,福岡,4tトラック,83.9,360,11368.0,54,0,routes_styleC.csv,135.49463647199045,210.5185185185185,1.5537037037037038,低効率
2024-01-29,R02,福岡,軽バン,39.9,69,1390.0,15,1,routes_styleC.csv,34.83709273182958,92.66666666666667,2.6599999999999997,高効率
2024-01-04,R02,名古屋,2tトラック,51.1,170,4773.0,21,0,routes_styleC.csv,93.40508806262231,227.28571428571428,2.4333333333333336,低効率
2024-01-13,R01,東京,2tトラック,93.8,220,2665.0,23,0,routes_styleC.csv,28.411513859275054,115.8695652173913,4.078260869565217,高効率
2024-01-08,R06,札幌,2tトラック,60.1,235,5456.0,30,0,routes_styleC.csv,90.7820299500832,181.86666666666667,2.0033333333333334,低効率
2024-01-03,R03,福岡,軽バン,68.0,64,834.0,13,0,routes_styleC.csv,12.264705882352942,64.15384615384616,5.230769230769231,高効率
2024-01-20,R06,大阪,2tトラック,66.1,138,5767.0,12,0,routes_styleC.csv,87.24659606656581,480.5833333333333,5.508333333333333,低効率
2024-01-11,R08,東京,2tトラック,144.2,159,5559.0,15,1,routes_styleC.csv,38.55062413314841,370.6,9.613333333333333,低効率
2024-01-10,R04,大阪,2tトラック,119.7,293,4920.0,18,0,routes_styleC.csv,41.10275689223057,273.3333333333333,6.65,低効率
2024-01-14,R04,東京,軽バン,43.6,125,1635.0,6,0,routes_styleC.csv,37.5,272.5,7.266666666666667,低効率
2024-01-10,R02,名古屋,4tトラック,155.0,324,4776.0,28,1,routes_styleC.csv,30.81290322580645,170.57142857142858,5.535714285714286,低効率
2024-01-18,R02,福岡,軽バン,38.5,107,1631.0,13,1,routes_styleC.csv,42.36363636363637,125.46153846153847,2.9615384615384617,高効率
2024-01-09,R07,大阪,2tトラック,138.5,208,3783.0,18,0,routes_styleC.csv,27.314079422382672,210.16666666666666,7.694444444444445,低効率
2024-01-26,R04,名古屋,4tトラック,87.4,405,9340.0,20,0,routes_styleC.csv,106.8649885583524,467.0,4.37,低効率
2024-01-18,R09,福岡,4tトラック,107.3,198,7097.0,48,0,routes_styleC.csv,66.1416589002796,147.85416666666666,2.2354166666666666,高効率
2024-01-29,R08,札幌,軽バン,48.6,69,2335.0,6,0,routes_styleC.csv,48.04526748971193,389.1666666666667,8.1,低効率
2024-01-06,R09,札幌,4tトラック,197.9,224,11594.0,43,1,routes_styleC.csv,58.58514401212734,269.6279069767442,4.602325581395349,低効率
2024-01-21,R04,大阪,軽バン,22.6,69,1961.0,11,0,routes_styleC.csv,86.76991150442477,178.27272727272728,2.0545454545454547,低効率
2024-01-13,R03,札幌,2tトラック,82.0,294,5229.0,12,0,routes_styleC.csv,63.76829268292683,435.75,6.833333333333333,低効率
2024-01-17,R09,名古屋,2tトラック,102.0,340,2049.0,32,0,routes_styleC.csv,20.08823529411765,64.03125,3.1875,高効率
2024-01-30,R07,東京,2tトラック,65.0,255,4331.0,40,0,routes_styleC.csv,66.63076923076923,108.275,1.625,高効率
